"id","description","type","fleetId","make","model","year","registrationNumber","vinSerialId","companyId","status","createdAt","updatedAt","siteId","engineCapacity","loadingCarryingCapacityTonnes","fuelConsumptionUnit","fuelConsumption","locationOtherText","location","millingSiteId","lastAssessedAt","crushingSiteId"
cmi8fy8v900j7skghbrtcb4ry,,TIPPER,"2HGT671",HOWO,Sino Truck,,,,cmid6zfak0002lb02iytpltpq,AVAILABLE,2025-11-21 05:50:13.572,2025-12-24 13:58:00.778,"18e3e5db-cf20-4eba-a198-98109170c02b",,,,,,OTHER,,,
cmi8fy8wo00jjskgh6fuo90tx,,TIPPER,"2HGT713",Howo,Howo,,AGL7329,,cmid6zfak0002lb02iytpltpq,AVAILABLE,2025-11-21 05:50:13.657,2025-12-17 10:49:11.036,"18e3e5db-cf20-4eba-a198-98109170c02b",,,,,,AMATOLA,,,
cmi8fy8wo00jkskgho66m4l62,,COMPACTOR,"2ESC716",,CAT - 533E,,,CATCS533CTJL07060,cmid6yjrc000jjv0288g2ibzo,AVAILABLE,2025-11-21 05:50:13.657,2025-12-17 10:46:58.463,"18e3e5db-cf20-4eba-a198-98109170c02b",,,,,,AMATOLA,,,
cmi8fy8wo00jnskghljxoi490,,TIPPER,"2HGT715",Howo,Howo,,AGL6352,,cmid6zfak0002lb02iytpltpq,AVAILABLE,2025-11-21 05:50:13.657,2025-12-17 08:22:56.091,"18e3e5db-cf20-4eba-a198-98109170c02b",,,,,,AMATOLA,,,
cmi8fy8wo00jmskghcojp9tkw,,TIPPER,"2HGT717",Howo,,,AGZ6672,,cmid6zfak0002lb02iytpltpq,AVAILABLE,2025-11-21 05:50:13.657,2025-12-17 08:19:51.953,"18e3e5db-cf20-4eba-a198-98109170c02b",,,,,,AMATOLA,,,
cmi8fy8wo00jlskghhsyupuom,,TIPPER,"2HGT714",HOWO,Sino Truck,,AGL7330 ,,cmid6zfak0002lb02iytpltpq,AVAILABLE,2025-11-21 05:50:13.657,2025-11-24 13:44:21.611,"18e3e5db-cf20-4eba-a198-98109170c02b",,,,,,OTHER,,,
cmi8fy8wo00jhskghu05eefk4,,,"2RAT711",,,,,,,AVAILABLE,2025-11-21 05:50:13.656,2025-11-21 05:50:13.656,"18e3e5db-cf20-4eba-a198-98109170c02b",,,,,,,,,
cmi8fy8v700ixskghy33wtn3r,,,"2HGT700",,,,,,,AVAILABLE,2025-11-21 05:50:13.572,2025-11-21 05:50:13.572,"18e3e5db-cf20-4eba-a198-98109170c02b",,,,,,,,,
cmi8fy8sv00hpskghmqq9vnoy,,,"2TLF657",,,,,,,AVAILABLE,2025-11-21 05:50:13.489,2025-11-21 05:50:13.489,"18e3e5db-cf20-4eba-a198-98109170c02b",,,,,,,,,
cmi8fy8s000gxskghx876sd02,,,"2PAT632",,,,,,,AVAILABLE,2025-11-21 05:50:13.488,2025-11-21 05:50:13.488,"18e3e5db-cf20-4eba-a198-98109170c02b",,,,,,,,,
cmi8fy8pi00fpskghj4rbd3p2,,,"2PAZ592",,,,,,,AVAILABLE,2025-11-21 05:50:13.399,2025-11-21 05:50:13.399,"18e3e5db-cf20-4eba-a198-98109170c02b",,,,,,,,,
cmi8fy85y004qskghbl1eumh3,,,"2SDT177",,,,,,,AVAILABLE,2025-11-21 05:50:12.694,2025-11-21 05:50:12.694,"18e3e5db-cf20-4eba-a198-98109170c02b",,,,,,,,,
cmi8fy7uy000pskghjsll4xpv,,,"1MMS32",,,,,,,AVAILABLE,2025-11-21 05:50:12.040,2025-11-21 05:50:12.040,"18e3e5db-cf20-4eba-a198-98109170c02b",,,,,,,,,
cmn34nkzu2yw1k42almvf1d8v,,POOL,"2WTP793",DAF,,,AHF4219,XLRAE65GC0E964382,cmj9vreu40000l702qz7al4up,AVAILABLE,2026-03-23 11:53:41.131,2026-03-23 11:53:41.131,,,10.0,LITRES_PER_KM,5.5,,WALDEN,,,
cmmyr4acl0mbkk42a701ego3l,,TIPPER,"2HGT834",,,,AHE0277,,cmid6zfak0002lb02iytpltpq,AVAILABLE,2026-03-20 10:23:41.158,2026-03-20 10:23:41.158,,,,,,,,,,
cmkuzz098000fjr02081pbkzd,,LOADER,"2ESL756",,SANY,,,SW956K3CF5598,cmid6yjrc000jjv0288g2ibzo,AVAILABLE,2026-01-26 10:01:01.965,2026-01-26 10:01:01.965,"18e3e5db-cf20-4eba-a198-98109170c02b",,,,,,AMATOLA,,,
cmi8fy8ss00hhskghk5ntcize,,TIPPER,"2APT652",,,,,,,AVAILABLE,2025-11-21 05:50:13.489,2026-01-22 14:20:47.240,"18e3e5db-cf20-4eba-a198-98109170c02b",,,,,,OTHER,,,
cmi8fy7ud000hskghkdpb7yxe,,LOADER,"1MML6",,,,,,cmid6xprj000ijv02hs56t9r5,AVAILABLE,2025-11-21 05:50:12.040,2026-01-22 14:07:56.447,"18e3e5db-cf20-4eba-a198-98109170c02b",,,,,,AMATOLA,,,
cmi8fy7xh000xskgh2a4ldl7v,,TRACTOR,"1MMS38",FORD TANDEM-1,Tractor,,,BTY19070,cmid6xprj000ijv02hs56t9r5,AVAILABLE,2025-11-21 05:50:12.040,2026-01-22 13:19:20.714,"18e3e5db-cf20-4eba-a198-98109170c02b",,,,,,AMATOLA,,,
cmkpdgtc40000jj02wmdkt8vm,,LOADER,"2HGL767",SDLG-L956H,SDLG-L956H,,,VLGL956HES0621337,cmid6zfak0002lb02iytpltpq,AVAILABLE,2026-01-22 11:32:10.757,2026-01-22 11:32:10.757,"18e3e5db-cf20-4eba-a198-98109170c02b",,,,,,AMATOLA,,,
cmjs93yb20002k102mekbl7uy,"20 ton Tipper",TIPPER,"2EST744",HOWO,Sino Truck,,AGL8434,LZZ5ELSD4SN098478,cmid6yjrc000jjv0288g2ibzo,AVAILABLE,2025-12-30 07:13:48.398,2025-12-30 07:13:48.398,"18e3e5db-cf20-4eba-a198-98109170c02b",,,,,,AMATOLA,,,
cmi8fy86t0051skghj83ts3zt,,,"2WBP188",,,,,,,AVAILABLE,2025-11-21 05:50:12.694,2025-11-21 05:50:12.694,"18e3e5db-cf20-4eba-a198-98109170c02b",,,,,,,,,
cmi8fy7zh001sskghrd8oh3ni,,,"1MM75",,,,,,,AVAILABLE,2025-11-21 05:50:12.462,2025-11-21 05:50:12.462,"18e3e5db-cf20-4eba-a198-98109170c02b",,,,,,,,,
cmi8fy7zh001oskgh97rxemey,,,"1MMX62",,,,,,,AVAILABLE,2025-11-21 05:50:12.462,2025-11-21 05:50:12.462,"18e3e5db-cf20-4eba-a198-98109170c02b",,,,,,,,,
cmi8fy7zi001yskghid32go93,,,"1MMX72",,,,,,,AVAILABLE,2025-11-21 05:50:12.462,2025-11-21 05:50:12.462,"18e3e5db-cf20-4eba-a198-98109170c02b",,,,,,,,,
cmi8fy7zh001qskghauora22n,,,"1MMP76",,,,,,,AVAILABLE,2025-11-21 05:50:12.462,2025-11-21 05:50:12.462,"18e3e5db-cf20-4eba-a198-98109170c02b",,,,,,,,,
cmi8fy80e002iskghzhyyj78g,,,"2CRB97",,,,,,,AVAILABLE,2025-11-21 05:50:12.463,2025-11-21 05:50:12.463,"18e3e5db-cf20-4eba-a198-98109170c02b",,,,,,,,,
cmi8fy7zh001eskghvjxpc3nh,,,"1MMX51",,,,,,,AVAILABLE,2025-11-21 05:50:12.461,2025-11-21 05:50:12.461,"18e3e5db-cf20-4eba-a198-98109170c02b",,,,,,,,,
cmi8fy8qc00g8skgh35993mqo,,,"2RAT568",,,,,,,AVAILABLE,2025-11-21 05:50:13.399,2025-11-21 05:50:13.399,"18e3e5db-cf20-4eba-a198-98109170c02b",,,,,,,,,
cmi8fy8vr00jbskghi3u33y8k,,,"2MLZ681",,,,,,,AVAILABLE,2025-11-21 05:50:13.572,2025-11-21 05:50:13.572,"18e3e5db-cf20-4eba-a198-98109170c02b",,,,,,,,,
cmi8fy8i900boskghc4q3hyun,,,"3MMX427",,,,,,,AVAILABLE,2025-11-21 05:50:13.138,2025-11-21 05:50:13.138,"18e3e5db-cf20-4eba-a198-98109170c02b",,,,,,,,,
cmi8fy8i900bfskgh1s43wcmp,,,"3MMX430",,,,,,,AVAILABLE,2025-11-21 05:50:13.137,2025-11-21 05:50:13.137,"18e3e5db-cf20-4eba-a198-98109170c02b",,,,,,,,,
cmi8fy82y003sskghwwz2fs5w,,,"2EGT123",,,,,,,AVAILABLE,2025-11-21 05:50:12.554,2025-11-21 05:50:12.554,"18e3e5db-cf20-4eba-a198-98109170c02b",,,,,,,,,
cmi8fy7zh001uskghgaaixppo,,,"1MMP79",,,,,,,AVAILABLE,2025-11-21 05:50:12.462,2025-11-21 05:50:12.462,"18e3e5db-cf20-4eba-a198-98109170c02b",,,,,,,,,
cmi8fy80b0023skghj134abn9,,,"1MMP86",,,,,,,AVAILABLE,2025-11-21 05:50:12.462,2025-11-21 05:50:12.462,"18e3e5db-cf20-4eba-a198-98109170c02b",,,,,,,,,
cmi8fy7ug000lskgh465wslz3,,,"1MMZ23",,,,,,,AVAILABLE,2025-11-21 05:50:12.040,2025-11-21 05:50:12.040,"18e3e5db-cf20-4eba-a198-98109170c02b",,,,,,,,,
cmi8fy7zh001vskghzv55em5s,,,"1MMP81",,,,,,,AVAILABLE,2025-11-21 05:50:12.462,2025-11-21 05:50:12.462,"18e3e5db-cf20-4eba-a198-98109170c02b",,,,,,,,,
cmi8fy80b0022skghuasskqpk,,,"1MMX55",,,,,,,AVAILABLE,2025-11-21 05:50:12.462,2025-11-21 05:50:12.462,"18e3e5db-cf20-4eba-a198-98109170c02b",,,,,,,,,
cmi8fy7qv0001skghazzc46rr,,,"1MMJ26",,,,,,,AVAILABLE,2025-11-21 05:50:12.040,2025-11-21 05:50:12.040,"18e3e5db-cf20-4eba-a198-98109170c02b",,,,,,,,,
cmi8fy7u0000cskgh9xwpoxmj,,,"1MML10",,,,,,,AVAILABLE,2025-11-21 05:50:12.040,2025-11-21 05:50:12.040,"18e3e5db-cf20-4eba-a198-98109170c02b",,,,,,,,,
cmi8fy7zh001hskgh7frenzr4,,,"1MMX54",,,,,,,AVAILABLE,2025-11-21 05:50:12.461,2025-11-21 05:50:12.461,"18e3e5db-cf20-4eba-a198-98109170c02b",,,,,,,,,
cmi8fy7zh001rskgh0ng61ic5,,,"1MMX56",,,,,,,AVAILABLE,2025-11-21 05:50:12.462,2025-11-21 05:50:12.462,"18e3e5db-cf20-4eba-a198-98109170c02b",,,,,,,,,
cmi8fy80e0027skgh7nbzewdf,,,"1MMP90",,,,,,,AVAILABLE,2025-11-21 05:50:12.462,2025-11-21 05:50:12.462,"18e3e5db-cf20-4eba-a198-98109170c02b",,,,,,,,,
cmi8fy807001zskghwy3gkzci,,,"1MMP84",,,,,,,AVAILABLE,2025-11-21 05:50:12.462,2025-11-21 05:50:12.462,"18e3e5db-cf20-4eba-a198-98109170c02b",,,,,,,,,
cmi8fy80e0025skghe29td27k,,,"1MMP89",,,,,,,AVAILABLE,2025-11-21 05:50:12.462,2025-11-21 05:50:12.462,"18e3e5db-cf20-4eba-a198-98109170c02b",,,,,,,,,
cmi8fy8080020skghustv8xvv,,,"1MMP85",,,,,,,AVAILABLE,2025-11-21 05:50:12.462,2025-11-21 05:50:12.462,"18e3e5db-cf20-4eba-a198-98109170c02b",,,,,,,,,
cmi8fy7uh000mskghrj28cs9h,,,"1MMP19",,,,,,,AVAILABLE,2025-11-21 05:50:12.040,2025-11-21 05:50:12.040,"18e3e5db-cf20-4eba-a198-98109170c02b",,,,,,,,,
cmi8fy7u2000eskghqkoq49iv,,,"1MML3",,,,,,,AVAILABLE,2025-11-21 05:50:12.040,2025-11-21 05:50:12.040,"18e3e5db-cf20-4eba-a198-98109170c02b",,,,,,,,,
cmi8fy7zi001wskghrvbupl45,,,"1MMP83",,,,,,,AVAILABLE,2025-11-21 05:50:12.462,2025-11-21 05:50:12.462,"18e3e5db-cf20-4eba-a198-98109170c02b",,,,,,,,,
cmi8fy80b0024skgh11pjaz1v,,,"1MMP88",,,,,,,AVAILABLE,2025-11-21 05:50:12.462,2025-11-21 05:50:12.462,"18e3e5db-cf20-4eba-a198-98109170c02b",,,,,,,,,
cmi8fy7ti0006skghffjwgwe2,,,"1MMJ28",,,,,,,AVAILABLE,2025-11-21 05:50:12.040,2025-11-21 05:50:12.040,"18e3e5db-cf20-4eba-a198-98109170c02b",,,,,,,,,
cmi8fy7y00016skghf9vc9w83,,,"1MMF45",,,,,,,AVAILABLE,2025-11-21 05:50:12.041,2025-11-21 05:50:12.041,"18e3e5db-cf20-4eba-a198-98109170c02b",,,,,,,,,
cmi8fy8i800b5skghr7g5vyo6,,,"3MMX408",,,,,,,AVAILABLE,2025-11-21 05:50:13.137,2025-11-21 05:50:13.137,"18e3e5db-cf20-4eba-a198-98109170c02b",,,,,,,,,
cmi8fy7u2000dskgh8qk6x236,,,"1MMT11",,,,,,,AVAILABLE,2025-11-21 05:50:12.040,2025-11-21 05:50:12.040,"18e3e5db-cf20-4eba-a198-98109170c02b",,,,,,,,,
cmi8fy7u3000fskgh4hq1327i,,,"1MMP20",,,,,,,AVAILABLE,2025-11-21 05:50:12.040,2025-11-21 05:50:12.040,"18e3e5db-cf20-4eba-a198-98109170c02b",,,,,,,,,
cmi8fy7tn0009skghm7chy40y,,,"1MMT12",,,,,,,AVAILABLE,2025-11-21 05:50:12.040,2025-11-21 05:50:12.040,"18e3e5db-cf20-4eba-a198-98109170c02b",,,,,,,,,
cmi8fy7th0004skghyirduj5s,,,"1MMT14",,,,,,,AVAILABLE,2025-11-21 05:50:12.040,2025-11-21 05:50:12.040,"18e3e5db-cf20-4eba-a198-98109170c02b",,,,,,,,,
cmi8fy7u0000bskghoalql60v,,,"1MML4",,,,,,,AVAILABLE,2025-11-21 05:50:12.040,2025-11-21 05:50:12.040,"18e3e5db-cf20-4eba-a198-98109170c02b",,,,,,,,,
cmi8fy7uf000jskgho6gqd0mj,,,"1MML9",,,,,,,AVAILABLE,2025-11-21 05:50:12.040,2025-11-21 05:50:12.040,"18e3e5db-cf20-4eba-a198-98109170c02b",,,,,,,,,
cmi8fy7uf000kskghdn10kvoe,,,"1MML2",,,,,,,AVAILABLE,2025-11-21 05:50:12.040,2025-11-21 05:50:12.040,"18e3e5db-cf20-4eba-a198-98109170c02b",,,,,,,,,
cmi8fy7uh000nskgho663wcy0,,,"1MMT17",,,,,,,AVAILABLE,2025-11-21 05:50:12.040,2025-11-21 05:50:12.040,"18e3e5db-cf20-4eba-a198-98109170c02b",,,,,,,,,
cmi8fy7wf000rskgh5gm56pjl,,,"1MMS36",,,,,,,AVAILABLE,2025-11-21 05:50:12.040,2025-11-21 05:50:12.040,"18e3e5db-cf20-4eba-a198-98109170c02b",,,,,,,,,
cmi8fy7ti0005skghpjh526po,,,"1MMP21",,,,,,,AVAILABLE,2025-11-21 05:50:12.040,2025-11-21 05:50:12.040,"18e3e5db-cf20-4eba-a198-98109170c02b",,,,,,,,,
cmn38agrw383fk42adib9hs80,,POOL,"2WTP770",UD40,,,AAH7451,,cmj9vreu40000l702qz7al4up,AVAILABLE,2026-03-23 13:35:27.596,2026-03-23 13:35:27.596,,,4.0,LITRES_PER_KM,5.0,,WALDEN,,,
cmi8fy7x4000tskghtcup79h9,,,"1MMS33",,,,,,,AVAILABLE,2025-11-21 05:50:12.040,2025-11-21 05:50:12.040,"18e3e5db-cf20-4eba-a198-98109170c02b",,,,,,,,,
cmi8fy8vv00jfskgha67m1j7f,,,"2HGT672",,,,,,,AVAILABLE,2025-11-21 05:50:13.572,2025-11-21 05:50:13.572,"18e3e5db-cf20-4eba-a198-98109170c02b",,,,,,,,,
cmi8fy8i900bgskghhp2qq7ze,,,"3MMX436",,,,,,,AVAILABLE,2025-11-21 05:50:13.137,2025-11-21 05:50:13.137,"18e3e5db-cf20-4eba-a198-98109170c02b",,,,,,,,,
cmi8fy7nr0000skghr7hg7u8s,,,"1MML1",,,,,,,AVAILABLE,2025-11-21 05:50:12.040,2025-11-21 05:50:12.040,"18e3e5db-cf20-4eba-a198-98109170c02b",,,,,,,,,
cmi8fy8i900bmskghwb2pabaz,,,"3MMX444",,,,,,,AVAILABLE,2025-11-21 05:50:13.137,2025-11-21 05:50:13.137,"18e3e5db-cf20-4eba-a198-98109170c02b",,,,,,,,,
cmi8fy7uj000oskgh817jjd9a,,,"1MML7",,,,,,,AVAILABLE,2025-11-21 05:50:12.040,2025-11-21 05:50:12.040,"18e3e5db-cf20-4eba-a198-98109170c02b",,,,,,,,,
cmi8fy8fw00aaskghskrhjzy5,,,"3MMX392",,,,,,,AVAILABLE,2025-11-21 05:50:13.053,2025-11-21 05:50:13.053,"18e3e5db-cf20-4eba-a198-98109170c02b",,,,,,,,,
cmi8fy8gp00ahskghh2kn6rzn,,,"3MMX399",,,,,,,AVAILABLE,2025-11-21 05:50:13.053,2025-11-21 05:50:13.053,"18e3e5db-cf20-4eba-a198-98109170c02b",,,,,,,,,
cmi8fy85x004iskghrc55orbm,,,"2MLL159",,,,,,,AVAILABLE,2025-11-21 05:50:12.693,2025-11-21 05:50:12.693,"18e3e5db-cf20-4eba-a198-98109170c02b",,,,,,,,,
cmi8fy8ex009jskghfv56dxdz,,,"2RAJ310",,,,,,,AVAILABLE,2025-11-21 05:50:12.960,2025-11-21 05:50:12.960,"18e3e5db-cf20-4eba-a198-98109170c02b",,,,,,,,,
cmi8fy8vn00j9skgh31mbayol,,,"2CNT690",,,,,,,AVAILABLE,2025-11-21 05:50:13.572,2025-11-21 05:50:13.572,"18e3e5db-cf20-4eba-a198-98109170c02b",,,,,,,,,
cmmyw76wi0scvk42a09x26n7k,,TIPPER,"2HGT789",,,,,,,AVAILABLE,2026-03-20 12:45:54.738,2026-03-20 12:45:54.738,,,,,,,,,,
cmi8fy8v800j4skgh9e30iqia,,,"2TMT687",,,,,,,AVAILABLE,2025-11-21 05:50:13.572,2025-11-21 05:50:13.572,"18e3e5db-cf20-4eba-a198-98109170c02b",,,,,,,,,
cmi8fy7tn0007skgh7p1ya7ho,,,"1MML8",,,,,,,AVAILABLE,2025-11-21 05:50:12.040,2025-11-21 05:50:12.040,"18e3e5db-cf20-4eba-a198-98109170c02b",,,,,,,,,
cmi8fy7zh001mskghj8dxs7g8,,,"1MMX63",,,,,,,AVAILABLE,2025-11-21 05:50:12.461,2025-11-21 05:50:12.461,"18e3e5db-cf20-4eba-a198-98109170c02b",,,,,,,,,
cmi8fy7xy0015skghn25t532a,,,"1MMX47",,,,,,,AVAILABLE,2025-11-21 05:50:12.041,2025-11-21 05:50:12.041,"18e3e5db-cf20-4eba-a198-98109170c02b",,,,,,,,,
cmi8fy7wf000sskghsiploajl,,,"1MMS31",,,,,,,AVAILABLE,2025-11-21 05:50:12.040,2025-11-21 05:50:12.040,"18e3e5db-cf20-4eba-a198-98109170c02b",,,,,,,,,
cmi8fy7xl0010skghmjfmz9ob,,TRACTOR,"1MMS35",Massey Ferguson,Tractor,,,,cmid6xprj000ijv02hs56t9r5,AVAILABLE,2025-11-21 05:50:12.040,2026-01-22 13:05:52.273,"18e3e5db-cf20-4eba-a198-98109170c02b",,,,,,AMATOLA,,,
cmi8fy8wo00jpskghytxxjlb1,,TIPPER,"2WTT718",Volvo,Volvo,,AGZ5592,YV2J4CJD13A555328,cmj9vreu40000l702qz7al4up,AVAILABLE,2025-11-21 05:50:13.657,2025-12-17 10:44:53.965,"18e3e5db-cf20-4eba-a198-98109170c02b",,,,,,AMATOLA,,,
cmi8fy7zh001lskghvsahagwi,,,"1MMX58",,,,,,,AVAILABLE,2025-11-21 05:50:12.461,2025-11-21 05:50:12.461,"18e3e5db-cf20-4eba-a198-98109170c02b",,,,,,,,,
cmi8fy7zh001kskghk39vlbxq,,,"1MMX61",,,,,,,AVAILABLE,2025-11-21 05:50:12.461,2025-11-21 05:50:12.461,"18e3e5db-cf20-4eba-a198-98109170c02b",,,,,,,,,
cmi8fy7zh001jskghxwxy6yd9,,,"1MMX59",,,,,,,AVAILABLE,2025-11-21 05:50:12.461,2025-11-21 05:50:12.461,"18e3e5db-cf20-4eba-a198-98109170c02b",,,,,,,,,
cmi8fy7zh001iskghsuinylo2,,,"1MMX57",,,,,,,AVAILABLE,2025-11-21 05:50:12.461,2025-11-21 05:50:12.461,"18e3e5db-cf20-4eba-a198-98109170c02b",,,,,,,,,
cmn3aqjzu3gaik42aq9qs8mqb,,TIPPER,"2HGT845",,,,AGZ8680,,cmid6zfak0002lb02iytpltpq,AVAILABLE,2026-03-23 14:43:57.499,2026-03-23 14:43:57.499,,,,,,,,,,
efade2f8-8201-42d0-a4c5-0ecb7fcdcf8d,,DOZER,"2ESD753",SHANTU,,,,CHSD22AWCK1021188,,AVAILABLE,2026-03-18 09:38:21.890,2026-03-20 13:41:36.774,"18e3e5db-cf20-4eba-a198-98109170c02b",,,,,,,,,
cmi8fy7vg000qskghu2dj1cxq,,TIPPER,"1MMT16",Shacman F3000,Tipper Truck,,AGJ0312,LZGJLDR41NX059560,cmid6xprj000ijv02hs56t9r5,AVAILABLE,2025-11-21 05:50:12.040,2026-01-22 13:14:51.361,"18e3e5db-cf20-4eba-a198-98109170c02b",,,,,,AMATOLA,,,
cmi8fy7ro0002skghiiadbxql,,TLB,"1MMJ27",Bell,TLB,,,CD4045G178537,cmid6xprj000ijv02hs56t9r5,AVAILABLE,2025-11-21 05:50:12.040,2026-01-22 13:12:15.377,"18e3e5db-cf20-4eba-a198-98109170c02b",,,,,,AMATOLA,,,
cmi8fy7u8000gskght8da6typ,,TRACTOR,"1MMS30",Massey Ferguson 440,Tractor,,,,cmid6xprj000ijv02hs56t9r5,AVAILABLE,2025-11-21 05:50:12.040,2026-01-22 13:10:01.632,"18e3e5db-cf20-4eba-a198-98109170c02b",,,,,,AMATOLA,,,
cmi8fy8gm00abskgh3mzyy8c9,,,"3MMX394",,,,,,,AVAILABLE,2025-11-21 05:50:13.053,2025-11-21 05:50:13.053,"18e3e5db-cf20-4eba-a198-98109170c02b",,,,,,,,,
cmi8fy7xj000yskghbfx21pp3,,TRACTOR,"1MMS42",Massey Ferguson,Tractor,,,MF-6207514M1,cmid6xprj000ijv02hs56t9r5,AVAILABLE,2025-11-21 05:50:12.040,2026-01-22 13:06:04.872,"18e3e5db-cf20-4eba-a198-98109170c02b",,,,,,AMATOLA,,,
cmi8fy7ym001dskgh8hv8wyal,,,"1MMZ24",,,,,,,AVAILABLE,2025-11-21 05:50:12.041,2025-11-21 05:50:12.041,"18e3e5db-cf20-4eba-a198-98109170c02b",,,,,,,,,
cmi8fy7ym001cskghc2qjham4,,,"1MMZ25",,,,,,,AVAILABLE,2025-11-21 05:50:12.041,2025-11-21 05:50:12.041,"18e3e5db-cf20-4eba-a198-98109170c02b",,,,,,,,,
cmi8fy7yi001bskgh0tjlx09t,,,"1MMP22",,,,,,,AVAILABLE,2025-11-21 05:50:12.041,2025-11-21 05:50:12.041,"18e3e5db-cf20-4eba-a198-98109170c02b",,,,,,,,,
cmi8fy8gt00aoskgh85xfgxen,,,"3MMX404",,,,,,,AVAILABLE,2025-11-21 05:50:13.053,2025-11-21 05:50:13.053,"18e3e5db-cf20-4eba-a198-98109170c02b",,,,,,,,,
cmi8fy8gr00ajskghbvwk9ks1,,,"3MMX400",,,,,,,AVAILABLE,2025-11-21 05:50:13.053,2025-11-21 05:50:13.053,"18e3e5db-cf20-4eba-a198-98109170c02b",,,,,,,,,
cmi8fy8e40093skghsal0n1ty,,,"2KCT343",,,,,,,AVAILABLE,2025-11-21 05:50:12.960,2025-11-21 05:50:12.960,"18e3e5db-cf20-4eba-a198-98109170c02b",,,,,,,,,
cmi8fy8db008nskghr86tx4nm,,,"2PAW334",,,,,,,AVAILABLE,2025-11-21 05:50:12.959,2025-11-21 05:50:12.959,"18e3e5db-cf20-4eba-a198-98109170c02b",,,,,,,,,
cmi8fy88i005lskghesuvt86j,,,"1MMP207",,,,,,,AVAILABLE,2025-11-21 05:50:12.786,2025-11-21 05:50:12.786,"18e3e5db-cf20-4eba-a198-98109170c02b",,,,,,,,,
cmi8fy7yg001askghqo616ro7,,,"1MMX50",,,,,,,AVAILABLE,2025-11-21 05:50:12.041,2025-11-21 05:50:12.041,"18e3e5db-cf20-4eba-a198-98109170c02b",,,,,,,,,
cmi8fy7ye0019skghw2m7r4v5,,,"1MMX48",,,,,,,AVAILABLE,2025-11-21 05:50:12.041,2025-11-21 05:50:12.041,"18e3e5db-cf20-4eba-a198-98109170c02b",,,,,,,,,
cmi8fy7yc0018skghu52zn9w1,,,"1MMX46",,,,,,,AVAILABLE,2025-11-21 05:50:12.041,2025-11-21 05:50:12.041,"18e3e5db-cf20-4eba-a198-98109170c02b",,,,,,,,,
cmi8fy7xo0011skgh9cbalvh5,,,"1MMS43",,,,,,,AVAILABLE,2025-11-21 05:50:12.041,2025-11-21 05:50:12.041,"18e3e5db-cf20-4eba-a198-98109170c02b",,,,,,,,,
cmi8fy86o004uskghod7pzuv0,,,"2TIL187",,,,,,,AVAILABLE,2025-11-21 05:50:12.694,2025-11-21 05:50:12.694,"18e3e5db-cf20-4eba-a198-98109170c02b",,,,,,,,,
cmi8fy85x004hskgh3mdrqqgu,,,"2PAZ160",,,,,,,AVAILABLE,2025-11-21 05:50:12.693,2025-11-21 05:50:12.693,"18e3e5db-cf20-4eba-a198-98109170c02b",,,,,,,,,
cmi8fy8210031skgh9jdufxcu,,,"2EST119",,,,,,,AVAILABLE,2025-11-21 05:50:12.553,2025-11-21 05:50:12.553,"18e3e5db-cf20-4eba-a198-98109170c02b",,,,,,,,,
cmi8fy7zh001gskghkmjoa5oz,,,"1MMX52",,,,,,,AVAILABLE,2025-11-21 05:50:12.461,2025-11-21 05:50:12.461,"18e3e5db-cf20-4eba-a198-98109170c02b",,,,,,,,,
cmi8fy7xq0012skghjns99t9e,,,"1MMS40",,,,,,,AVAILABLE,2025-11-21 05:50:12.041,2025-11-21 05:50:12.041,"18e3e5db-cf20-4eba-a198-98109170c02b",,,,,,,,,
cmi8fy7xv0014skgh8rtrvmaq,,,"1MMT13",,,,,,,AVAILABLE,2025-11-21 05:50:12.041,2025-11-21 05:50:12.041,"18e3e5db-cf20-4eba-a198-98109170c02b",,,,,,,,,
cmi8fy7y80017skgh15fyaenk,,,"1MMX49",,,,,,,AVAILABLE,2025-11-21 05:50:12.041,2025-11-21 05:50:12.041,"18e3e5db-cf20-4eba-a198-98109170c02b",,,,,,,,,
cmi8fy87n005iskgh7k4lpdyx,,,"2SOL175",,,,,,,AVAILABLE,2025-11-21 05:50:12.695,2025-11-21 05:50:12.695,"18e3e5db-cf20-4eba-a198-98109170c02b",,,,,,,,,
cmi8fy85x004eskgh94f8cviz,,,"2RAL166",,,,,,,AVAILABLE,2025-11-21 05:50:12.693,2025-11-21 05:50:12.693,"18e3e5db-cf20-4eba-a198-98109170c02b",,,,,,,,,
cmi8fy7zh001nskgh7xjil4bu,,,"1MMX67",,,,,,,AVAILABLE,2025-11-21 05:50:12.462,2025-11-21 05:50:12.462,"18e3e5db-cf20-4eba-a198-98109170c02b",,,,,,,,,
cmi8fy8a1006xskgheagwvi0u,,,"2EGD232",,,,,,,AVAILABLE,2025-11-21 05:50:12.787,2025-11-21 05:50:12.787,"18e3e5db-cf20-4eba-a198-98109170c02b",,,,,,,,,
cmi8fy80e002eskghg042c492,,,"2ASZ93",,,,,,,AVAILABLE,2025-11-21 05:50:12.463,2025-11-21 05:50:12.463,"18e3e5db-cf20-4eba-a198-98109170c02b",,,,,,,,,
cmi8fy7zh001fskghg39eu0dn,,,"1MMX53",,,,,,,AVAILABLE,2025-11-21 05:50:12.461,2025-11-21 05:50:12.461,"18e3e5db-cf20-4eba-a198-98109170c02b",,,,,,,,,
cmi8fy8ax0073skghn9el2gzj,,,"2TLF262",,,,,,,AVAILABLE,2025-11-21 05:50:12.873,2025-11-21 05:50:12.873,"18e3e5db-cf20-4eba-a198-98109170c02b",,,,,,,,,
cmi8fy8kq00csskgh474vf85g,,,"1MMX477",,,,,,,AVAILABLE,2025-11-21 05:50:13.226,2025-11-21 05:50:13.226,"18e3e5db-cf20-4eba-a198-98109170c02b",,,,,,,,,
cmi8fy8kp00ciskghge5cn75d,,,"3MMQ457",,,,,,,AVAILABLE,2025-11-21 05:50:13.226,2025-11-21 05:50:13.226,"18e3e5db-cf20-4eba-a198-98109170c02b",,,,,,,,,
cmi8fy8j000buskghqc1r929y,,,"3MMX435",,,,,,,AVAILABLE,2025-11-21 05:50:13.138,2025-11-21 05:50:13.138,"18e3e5db-cf20-4eba-a198-98109170c02b",,,,,,,,,
cmi8fy8i800b7skghzgd6xt3z,,,"3MMX411",,,,,,,AVAILABLE,2025-11-21 05:50:13.137,2025-11-21 05:50:13.137,"18e3e5db-cf20-4eba-a198-98109170c02b",,,,,,,,,
cmi8fy8i900bcskgh0azq1abc,,,"3MMX423",,,,,,,AVAILABLE,2025-11-21 05:50:13.137,2025-11-21 05:50:13.137,"18e3e5db-cf20-4eba-a198-98109170c02b",,,,,,,,,
cmi8fy8gu00arskghx6vdw2dt,,,"3MMX406",,,,,,,AVAILABLE,2025-11-21 05:50:13.053,2025-11-21 05:50:13.053,"18e3e5db-cf20-4eba-a198-98109170c02b",,,,,,,,,
cmi8fy8e40094skghfhlxh864,,,"1MMM315",,,,,,,AVAILABLE,2025-11-21 05:50:12.960,2025-11-21 05:50:12.960,"18e3e5db-cf20-4eba-a198-98109170c02b",,,,,,,,,
cmi8fy8fv009rskghj7me7mtq,,,"2LLT356",,,,,,,AVAILABLE,2025-11-21 05:50:13.052,2025-11-21 05:50:13.052,"18e3e5db-cf20-4eba-a198-98109170c02b",,,,,,,,,
cmi8fy8f2009oskgh74hnqkbv,,,"1MMM318",,,,,,,AVAILABLE,2025-11-21 05:50:12.960,2025-11-21 05:50:12.960,"18e3e5db-cf20-4eba-a198-98109170c02b",,,,,,,,,
cmi8fy8da008gskghypzs99hk,,,"2MAP311",,,,,,,AVAILABLE,2025-11-21 05:50:12.959,2025-11-21 05:50:12.959,"18e3e5db-cf20-4eba-a198-98109170c02b",,,,,,,,,
cmi8fy8cd0087skgh2borxk56,,,"1MMM269",,,,,,,AVAILABLE,2025-11-21 05:50:12.875,2025-11-21 05:50:12.875,"18e3e5db-cf20-4eba-a198-98109170c02b",,,,,,,,,
cmi8fy8bn007kskghouitvkom,,,"1MMP263",,,,,,,AVAILABLE,2025-11-21 05:50:12.875,2025-11-21 05:50:12.875,"18e3e5db-cf20-4eba-a198-98109170c02b",,,,,,,,,
cmi8fy8bs007rskghzhmb1t2o,,,"1MMM280",,,,,,,AVAILABLE,2025-11-21 05:50:12.875,2025-11-21 05:50:12.875,"18e3e5db-cf20-4eba-a198-98109170c02b",,,,,,,,,
cmi8fy8ax0076skgh8wd5udrf,,,"1MMM270",,,,,,,AVAILABLE,2025-11-21 05:50:12.873,2025-11-21 05:50:12.873,"18e3e5db-cf20-4eba-a198-98109170c02b",,,,,,,,,
cmi8fy8ax006zskghm7v3d80b,,,"2PAG256",,,,,,,AVAILABLE,2025-11-21 05:50:12.873,2025-11-21 05:50:12.873,"18e3e5db-cf20-4eba-a198-98109170c02b",,,,,,,,,
cmi8fy899006cskgh0798u5qe,,,"2EGZ229",,,,,,,AVAILABLE,2025-11-21 05:50:12.787,2025-11-21 05:50:12.787,"18e3e5db-cf20-4eba-a198-98109170c02b",,,,,,,,,
cmi8fy88i005sskghirf2f2vo,,,"1MMP218",,,,,,,AVAILABLE,2025-11-21 05:50:12.787,2025-11-21 05:50:12.787,"18e3e5db-cf20-4eba-a198-98109170c02b",,,,,,,,,
cmi8fy89h006pskgh87z2xhx8,,,"2SCB246",,,,,,,AVAILABLE,2025-11-21 05:50:12.787,2025-11-21 05:50:12.787,"18e3e5db-cf20-4eba-a198-98109170c02b",,,,,,,,,
cmi8fy8980069skghbzvjr9rg,,,"2WTP238",,,,,,,AVAILABLE,2025-11-21 05:50:12.787,2025-11-21 05:50:12.787,"18e3e5db-cf20-4eba-a198-98109170c02b",,,,,,,,,
cmi8fy8a1006uskgh0ko0xoxr,,,"2MLC216",,,,,,,AVAILABLE,2025-11-21 05:50:12.787,2025-11-21 05:50:12.787,"18e3e5db-cf20-4eba-a198-98109170c02b",,,,,,,,,
cmi8fy86p0050skghql2ae1m2,,,"2VST193",,,,,,,AVAILABLE,2025-11-21 05:50:12.694,2025-11-21 05:50:12.694,"18e3e5db-cf20-4eba-a198-98109170c02b",,,,,,,,,
cmi8fy86w005bskghiynvty4m,,,"2EGW199",,,,,,,AVAILABLE,2025-11-21 05:50:12.694,2025-11-21 05:50:12.694,"18e3e5db-cf20-4eba-a198-98109170c02b",,,,,,,,,
cmi8fy88i005mskghnksc573z,,,"1MMP206",,,,,,,AVAILABLE,2025-11-21 05:50:12.786,2025-11-21 05:50:12.786,"18e3e5db-cf20-4eba-a198-98109170c02b",,,,,,,,,
cmi8fy87n005hskgh0li4ayyu,,,"2TIT178",,,,,,,AVAILABLE,2025-11-21 05:50:12.694,2025-11-21 05:50:12.694,"18e3e5db-cf20-4eba-a198-98109170c02b",,,,,,,,,
cmi8fy82z003wskgh79pdwhv8,,,"2EST116",,,,,,,AVAILABLE,2025-11-21 05:50:12.554,2025-11-21 05:50:12.554,"18e3e5db-cf20-4eba-a198-98109170c02b",,,,,,,,,
cmi8fy830003xskght5mepfny,,,"2EGT131",,,,,,,AVAILABLE,2025-11-21 05:50:12.554,2025-11-21 05:50:12.554,"18e3e5db-cf20-4eba-a198-98109170c02b",,,,,,,,,
cmi8fy8210039skgh06267fjw,,,"2EGZ135",,,,,,,AVAILABLE,2025-11-21 05:50:12.553,2025-11-21 05:50:12.553,"18e3e5db-cf20-4eba-a198-98109170c02b",,,,,,,,,
cmi8fy85x004fskghfyr7zdrf,,,"2RAH167",,,,,,,AVAILABLE,2025-11-21 05:50:12.693,2025-11-21 05:50:12.693,"18e3e5db-cf20-4eba-a198-98109170c02b",,,,,,,,,
cmi8fy80e002gskghzyb7kjne,,,"2CRB96",,,,,,,AVAILABLE,2025-11-21 05:50:12.463,2025-11-21 05:50:12.463,"18e3e5db-cf20-4eba-a198-98109170c02b",,,,,,,,,
cmi8fy80e002bskghzn9kwakj,,,"1MMX69",,,,,,,AVAILABLE,2025-11-21 05:50:12.463,2025-11-21 05:50:12.463,"18e3e5db-cf20-4eba-a198-98109170c02b",,,,,,,,,
cmi8fy7zh001pskghtdmvb9p3,,,"1MMX71",,,,,,,AVAILABLE,2025-11-21 05:50:12.462,2025-11-21 05:50:12.462,"18e3e5db-cf20-4eba-a198-98109170c02b",,,,,,,,,
cmi8fy80e0028skghhaj437wi,,,"1MMJ82",,,,,,,AVAILABLE,2025-11-21 05:50:12.463,2025-11-21 05:50:12.463,"18e3e5db-cf20-4eba-a198-98109170c02b",,,,,,,,,
cmi8fy8j500c3skgh1ml53gd8,,,"3MMX420",,,,,,,AVAILABLE,2025-11-21 05:50:13.138,2025-11-21 05:50:13.138,"18e3e5db-cf20-4eba-a198-98109170c02b",,,,,,,,,
cmi8fy8wo00jiskghyupt5vc0,,GRADER,"2ESG712",CAT 140 H,CAT 140 H,,,HEXZH00792,cmid6yjrc000jjv0288g2ibzo,AVAILABLE,2025-11-21 05:50:13.657,2025-12-17 10:19:17.253,"18e3e5db-cf20-4eba-a198-98109170c02b",,,,,,AMATOLA,,,
cmi8fy8hg00b2skghad3mxy8m,,,"1MMM372",,,,,,,AVAILABLE,2025-11-21 05:50:13.053,2025-11-21 05:50:13.053,"18e3e5db-cf20-4eba-a198-98109170c02b",,,,,,,,,
cmi8fy8e5009eskghmtw14c7o,,,"2PAZ351",,,,,,,AVAILABLE,2025-11-21 05:50:12.960,2025-11-21 05:50:12.960,"18e3e5db-cf20-4eba-a198-98109170c02b",,,,,,,,,
cmi8fy8jw00chskghyls5vyhu,,,"3MMX429",,,,,,,AVAILABLE,2025-11-21 05:50:13.138,2025-11-21 05:50:13.138,"18e3e5db-cf20-4eba-a198-98109170c02b",,,,,,,,,
cmi8fy7xt0013skghag79ey6x,,,"1MMS44",,,,,,,AVAILABLE,2025-11-21 05:50:12.041,2025-11-21 05:50:12.041,"18e3e5db-cf20-4eba-a198-98109170c02b",,,,,,,,,
cmi8fy8db008uskght2wmygss,,,"2KCT340",,,,,,,AVAILABLE,2025-11-21 05:50:12.960,2025-11-21 05:50:12.960,"18e3e5db-cf20-4eba-a198-98109170c02b",,,,,,,,,
cmi8fy8fw00a7skghxmr015yx,,,"3MMX393",,,,,,,AVAILABLE,2025-11-21 05:50:13.053,2025-11-21 05:50:13.053,"18e3e5db-cf20-4eba-a198-98109170c02b",,,,,,,,,
cmi8fy80a0021skghpue9my8w,,,"1MMX60",,,,,,,AVAILABLE,2025-11-21 05:50:12.462,2025-11-21 05:50:12.462,"18e3e5db-cf20-4eba-a198-98109170c02b",,,,,,,,,
cmi8fy8nv00elskghhmu91wwi,,,"2SCB550",,,,,,,AVAILABLE,2025-11-21 05:50:13.314,2025-11-21 05:50:13.314,"18e3e5db-cf20-4eba-a198-98109170c02b",,,,,,,,,
cmi8fy8n400dyskgh62yuyi49,,,"2MLZ512",,,,,,,AVAILABLE,2025-11-21 05:50:13.312,2025-11-21 05:50:13.312,"18e3e5db-cf20-4eba-a198-98109170c02b",,,,,,,,,
cmi8fy8j800c9skghwd74fr7v,,,"3MMQ453",,,,,,,AVAILABLE,2025-11-21 05:50:13.138,2025-11-21 05:50:13.138,"18e3e5db-cf20-4eba-a198-98109170c02b",,,,,,,,,
cmi8fy8i900beskghszpj9wd0,,,"3MMX431",,,,,,,AVAILABLE,2025-11-21 05:50:13.137,2025-11-21 05:50:13.137,"18e3e5db-cf20-4eba-a198-98109170c02b",,,,,,,,,
cmi8fy8fw00a4skgh9wtitg46,,,"3MMX388",,,,,,,AVAILABLE,2025-11-21 05:50:13.053,2025-11-21 05:50:13.053,"18e3e5db-cf20-4eba-a198-98109170c02b",,,,,,,,,
cmi8fy8gz00auskghjanp80pi,,,"2MIT371",,,,,,,AVAILABLE,2025-11-21 05:50:13.053,2025-11-21 05:50:13.053,"18e3e5db-cf20-4eba-a198-98109170c02b",,,,,,,,,
cmi8fy8ed009hskghctrkuq8f,,,"2AAT353",,,,,,,AVAILABLE,2025-11-21 05:50:12.960,2025-11-21 05:50:12.960,"18e3e5db-cf20-4eba-a198-98109170c02b",,,,,,,,,
cmi8fy8fw009yskghjpl6153c,,,"1MMX373",,,,,,,AVAILABLE,2025-11-21 05:50:13.052,2025-11-21 05:50:13.052,"18e3e5db-cf20-4eba-a198-98109170c02b",,,,,,,,,
cmi8fy8da008kskghg6pc95eg,,,"2EGC319",,,,,,,AVAILABLE,2025-11-21 05:50:12.959,2025-11-21 05:50:12.959,"18e3e5db-cf20-4eba-a198-98109170c02b",,,,,,,,,
cmi8fy8ew009iskghpxzc0vn3,,,"2LLT355",,,,,,,AVAILABLE,2025-11-21 05:50:12.960,2025-11-21 05:50:12.960,"18e3e5db-cf20-4eba-a198-98109170c02b",,,,,,,,,
cmi8fy8e5009dskghntl2n0ev,,,"2AAT350",,,,,,,AVAILABLE,2025-11-21 05:50:12.960,2025-11-21 05:50:12.960,"18e3e5db-cf20-4eba-a198-98109170c02b",,,,,,,,,
cmi8fy8db008qskghwxh8xadx,,,"2PAL336",,,,,,,AVAILABLE,2025-11-21 05:50:12.959,2025-11-21 05:50:12.959,"18e3e5db-cf20-4eba-a198-98109170c02b",,,,,,,,,
cmi8fy8by0083skghzd2dx5kh,,,"1MMM290",,,,,,,AVAILABLE,2025-11-21 05:50:12.875,2025-11-21 05:50:12.875,"18e3e5db-cf20-4eba-a198-98109170c02b",,,,,,,,,
cmi8fy8e2008xskgh3kajcoe8,,,"2GCT323",,,,,,,AVAILABLE,2025-11-21 05:50:12.960,2025-11-21 05:50:12.960,"18e3e5db-cf20-4eba-a198-98109170c02b",,,,,,,,,
cmi8fy8ax0075skghhrv09u61,,,"1MMM266",,,,,,,AVAILABLE,2025-11-21 05:50:12.873,2025-11-21 05:50:12.873,"18e3e5db-cf20-4eba-a198-98109170c02b",,,,,,,,,
cmi8fy8bn007lskgh0fsy33pf,,,"1MMM291",,,,,,,AVAILABLE,2025-11-21 05:50:12.875,2025-11-21 05:50:12.875,"18e3e5db-cf20-4eba-a198-98109170c02b",,,,,,,,,
cmi8fy8da008jskghpaekxg5p,,,"2GCT322",,,,,,,AVAILABLE,2025-11-21 05:50:12.959,2025-11-21 05:50:12.959,"18e3e5db-cf20-4eba-a198-98109170c02b",,,,,,,,,
cmi8fy8bv0082skghwe6g2aew,,,"1MMM302",,,,,,,AVAILABLE,2025-11-21 05:50:12.875,2025-11-21 05:50:12.875,"18e3e5db-cf20-4eba-a198-98109170c02b",,,,,,,,,
cmi8fy8ax007bskghvo4s5wv1,,,"1MMM283",,,,,,,AVAILABLE,2025-11-21 05:50:12.874,2025-11-21 05:50:12.874,"18e3e5db-cf20-4eba-a198-98109170c02b",,,,,,,,,
cmi8fy89v006qskgh65i2yd1f,,,"1MMX250",,,,,,,AVAILABLE,2025-11-21 05:50:12.787,2025-11-21 05:50:12.787,"18e3e5db-cf20-4eba-a198-98109170c02b",,,,,,,,,
cmi8fy85y004pskghg15fv0he,,,"2SDT176",,,,,,,AVAILABLE,2025-11-21 05:50:12.694,2025-11-21 05:50:12.694,"18e3e5db-cf20-4eba-a198-98109170c02b",,,,,,,,,
cmi8fy8970066skghey6i5r67,,,"2PAA236",,,,,,,AVAILABLE,2025-11-21 05:50:12.787,2025-11-21 05:50:12.787,"18e3e5db-cf20-4eba-a198-98109170c02b",,,,,,,,,
cmi8fy8cb0084skghascspzn4,,,"1MMM303",,,,,,,AVAILABLE,2025-11-21 05:50:12.875,2025-11-21 05:50:12.875,"18e3e5db-cf20-4eba-a198-98109170c02b",,,,,,,,,
cmi8fy82y003oskghcugc2c2e,,,"2EGZ136",,,,,,,AVAILABLE,2025-11-21 05:50:12.554,2025-11-21 05:50:12.554,"18e3e5db-cf20-4eba-a198-98109170c02b",,,,,,,,,
cmi8fy87a005cskghtxbsdy0o,,,"2EGL200",,,,,,,AVAILABLE,2025-11-21 05:50:12.694,2025-11-21 05:50:12.694,"18e3e5db-cf20-4eba-a198-98109170c02b",,,,,,,,,
cmi8fy89e006jskgh71kfem5k,,,"2LRT240",,,,,,,AVAILABLE,2025-11-21 05:50:12.787,2025-11-21 05:50:12.787,"18e3e5db-cf20-4eba-a198-98109170c02b",,,,,,,,,
cmi8fy88i005qskgho10xcwqa,,,"1MMP217",,,,,,,AVAILABLE,2025-11-21 05:50:12.787,2025-11-21 05:50:12.787,"18e3e5db-cf20-4eba-a198-98109170c02b",,,,,,,,,
cmi8fy88i005xskghu6ynwz95,,,"2RAL219",,,,,,,AVAILABLE,2025-11-21 05:50:12.787,2025-11-21 05:50:12.787,"18e3e5db-cf20-4eba-a198-98109170c02b",,,,,,,,,
cmi8fy82y003uskghcya75g54,,,"2EST115",,,,,,,AVAILABLE,2025-11-21 05:50:12.554,2025-11-21 05:50:12.554,"18e3e5db-cf20-4eba-a198-98109170c02b",,,,,,,,,
cmi8fy80e002hskgh9ge4gtfj,,,"1MMX73",,,,,,,AVAILABLE,2025-11-21 05:50:12.463,2025-11-21 05:50:12.463,"18e3e5db-cf20-4eba-a198-98109170c02b",,,,,,,,,
cmi8fy8v700ivskghka0iapw1,,,"2MLT702",,,,,,,AVAILABLE,2025-11-21 05:50:13.572,2025-11-21 05:50:13.572,"18e3e5db-cf20-4eba-a198-98109170c02b",,,,,,,,,
cmi8fy8ub00igskghk12dhg6z,,,"2KCT693",,,,,,,AVAILABLE,2025-11-21 05:50:13.571,2025-11-21 05:50:13.571,"18e3e5db-cf20-4eba-a198-98109170c02b",,,,,,,,,
cmi8fy8s000h0skghtdqxsuj4,,,"2PAZ636",,,,,,,AVAILABLE,2025-11-21 05:50:13.488,2025-11-21 05:50:13.488,"18e3e5db-cf20-4eba-a198-98109170c02b",,,,,,,,,
cmi8fy8qc00gcskghz00fys1o,,,"2PAZ576",,,,,,,AVAILABLE,2025-11-21 05:50:13.399,2025-11-21 05:50:13.399,"18e3e5db-cf20-4eba-a198-98109170c02b",,,,,,,,,
cmi8fy8sv00hqskghz5adyd1k,,,"2EGC633",,,,,,,AVAILABLE,2025-11-21 05:50:13.489,2025-11-21 05:50:13.489,"18e3e5db-cf20-4eba-a198-98109170c02b",,,,,,,,,
cmi8fy8s000h4skghan735j9w,,,"2RUZ637",,,,,,,AVAILABLE,2025-11-21 05:50:13.488,2025-11-21 05:50:13.488,"18e3e5db-cf20-4eba-a198-98109170c02b",,,,,,,,,
cmi8fy8o100etskghglfavuli,,,"2RAL554",,,,,,,AVAILABLE,2025-11-21 05:50:13.314,2025-11-21 05:50:13.314,"18e3e5db-cf20-4eba-a198-98109170c02b",,,,,,,,,
cmi8fy8qc00g9skghmv35l3dx,,,"2RAZ602",,,,,,,AVAILABLE,2025-11-21 05:50:13.399,2025-11-21 05:50:13.399,"18e3e5db-cf20-4eba-a198-98109170c02b",,,,,,,,,
cmi8fy8pi00foskghk318wyek,,,"2DNZ593",,,,,,,AVAILABLE,2025-11-21 05:50:13.399,2025-11-21 05:50:13.399,"18e3e5db-cf20-4eba-a198-98109170c02b",,,,,,,,,
cmi8fy8m700dtskgheugpos26,,,"2PAT471",,,,,,,AVAILABLE,2025-11-21 05:50:13.227,2025-11-21 05:50:13.227,"18e3e5db-cf20-4eba-a198-98109170c02b",,,,,,,,,
cmi8fy8lg00d6skghpyd915w5,,,"3MMQ461",,,,,,,AVAILABLE,2025-11-21 05:50:13.227,2025-11-21 05:50:13.227,"18e3e5db-cf20-4eba-a198-98109170c02b",,,,,,,,,
cmi8fy8kp00cpskghaveulxdy,,,"2RAL467",,,,,,,AVAILABLE,2025-11-21 05:50:13.226,2025-11-21 05:50:13.226,"18e3e5db-cf20-4eba-a198-98109170c02b",,,,,,,,,
cmi8fy8i900bdskghxw5qrci6,,,"3MMX419",,,,,,,AVAILABLE,2025-11-21 05:50:13.137,2025-11-21 05:50:13.137,"18e3e5db-cf20-4eba-a198-98109170c02b",,,,,,,,,
cmi8fy8j500c2skghbvqzwuah,,,"3MMX426",,,,,,,AVAILABLE,2025-11-21 05:50:13.138,2025-11-21 05:50:13.138,"18e3e5db-cf20-4eba-a198-98109170c02b",,,,,,,,,
cmi8fy8sv00hnskghpfwab1ct,,,"2WTP654",,,,,,,AVAILABLE,2025-11-21 05:50:13.489,2025-11-21 05:50:13.489,"18e3e5db-cf20-4eba-a198-98109170c02b",,,,,,,,,
cmi8fy8om00f7skghfebz1w2b,,,"2MLT543",,,,,,,AVAILABLE,2025-11-21 05:50:13.314,2025-11-21 05:50:13.314,"18e3e5db-cf20-4eba-a198-98109170c02b",,,,,,,,,
cmi8fy80f002jskghve4xqfj4,,,"2CCS99",,,,,,,AVAILABLE,2025-11-21 05:50:12.463,2025-11-21 05:50:12.463,"18e3e5db-cf20-4eba-a198-98109170c02b",,,,,,,,,
cmi8fy8ub00idskgh0ntbp6v1,,,"2TMT688",,,,,,,AVAILABLE,2025-11-21 05:50:13.571,2025-11-21 05:50:13.571,"18e3e5db-cf20-4eba-a198-98109170c02b",,,,,,,,,
cmi8fy8pi00fcskghz7lvyc1j,,,"2KHT560",,,,,,,AVAILABLE,2025-11-21 05:50:13.398,2025-11-21 05:50:13.398,"18e3e5db-cf20-4eba-a198-98109170c02b",,,,,,,,,
cmi8fy8n500edskghbwo3s3u0,,,"2EGH541",,,,,,,AVAILABLE,2025-11-21 05:50:13.313,2025-11-21 05:50:13.313,"18e3e5db-cf20-4eba-a198-98109170c02b",,,,,,,,,
cmi8fy8200030skghb1ma4ao0,,,"2EST114",,,,,,,AVAILABLE,2025-11-21 05:50:12.553,2025-11-21 05:50:12.553,"18e3e5db-cf20-4eba-a198-98109170c02b",,,,,,,,,
cmi8fy8210035skghlpjw49um,,,"2EGT129",,,,,,,AVAILABLE,2025-11-21 05:50:12.553,2025-11-21 05:50:12.553,"18e3e5db-cf20-4eba-a198-98109170c02b",,,,,,,,,
cmi8fy8qc00geskghkev2z0cw,,,"2WTP605",,,,,,,AVAILABLE,2025-11-21 05:50:13.399,2025-11-21 05:50:13.399,"18e3e5db-cf20-4eba-a198-98109170c02b",,,,,,,,,
cmi8fy8pj00ftskghtlsr64z9,,,"2PAZ595",,,,,,,AVAILABLE,2025-11-21 05:50:13.399,2025-11-21 05:50:13.399,"18e3e5db-cf20-4eba-a198-98109170c02b",,,,,,,,,
cmi8fy8ny00eqskgh8rctnmmk,,,"2NTP552",,,,,,,AVAILABLE,2025-11-21 05:50:13.314,2025-11-21 05:50:13.314,"18e3e5db-cf20-4eba-a198-98109170c02b",,,,,,,,,
cmi8fy8oj00f3skgh34y21li3,,,"2BRS519",,,,,,,AVAILABLE,2025-11-21 05:50:13.314,2025-11-21 05:50:13.314,"18e3e5db-cf20-4eba-a198-98109170c02b",,,,,,,,,
cmi8fy8oo00f9skghf5his5l9,,,"2PAL530",,,,,,,AVAILABLE,2025-11-21 05:50:13.314,2025-11-21 05:50:13.314,"18e3e5db-cf20-4eba-a198-98109170c02b",,,,,,,,,
cmi8fy8qi00gfskghmbvb8dil,,,"1MMM606",,,,,,,AVAILABLE,2025-11-21 05:50:13.399,2025-11-21 05:50:13.399,"18e3e5db-cf20-4eba-a198-98109170c02b",,,,,,,,,
cmi8fy8o400f1skghhivmnrvf,,,"2PAL528",,,,,,,AVAILABLE,2025-11-21 05:50:13.314,2025-11-21 05:50:13.314,"18e3e5db-cf20-4eba-a198-98109170c02b",,,,,,,,,
cmi8fy8pi00fiskghgmt5srji,,,"2UCT582",,,,,,,AVAILABLE,2025-11-21 05:50:13.398,2025-11-21 05:50:13.398,"18e3e5db-cf20-4eba-a198-98109170c02b",,,,,,,,,
cmi8fy8n400e2skghcgruz9pw,,,"2RAT523",,,,,,,AVAILABLE,2025-11-21 05:50:13.313,2025-11-21 05:50:13.313,"18e3e5db-cf20-4eba-a198-98109170c02b",,,,,,,,,
cmi8fy8n400e5skghuf7cy2nw,,,"2PAZ527",,,,,,,AVAILABLE,2025-11-21 05:50:13.313,2025-11-21 05:50:13.313,"18e3e5db-cf20-4eba-a198-98109170c02b",,,,,,,,,
cmi8fy8n400dzskghdyuqj7fn,,,"2MLJ510",,,,,,,AVAILABLE,2025-11-21 05:50:13.312,2025-11-21 05:50:13.312,"18e3e5db-cf20-4eba-a198-98109170c02b",,,,,,,,,
cmi8fy8n400e4skghn2u757wk,,,"2LRT522",,,,,,,AVAILABLE,2025-11-21 05:50:13.313,2025-11-21 05:50:13.313,"18e3e5db-cf20-4eba-a198-98109170c02b",,,,,,,,,
cmi8fy8lf00d3skghqurrslm9,,,"1MMY495",,,,,,,AVAILABLE,2025-11-21 05:50:13.227,2025-11-21 05:50:13.227,"18e3e5db-cf20-4eba-a198-98109170c02b",,,,,,,,,
cmi8fy8ju00ceskghrdsiinfo,,,"3MMX422",,,,,,,AVAILABLE,2025-11-21 05:50:13.138,2025-11-21 05:50:13.138,"18e3e5db-cf20-4eba-a198-98109170c02b",,,,,,,,,
cmi8fy8kp00cqskgh41lz6b8p,,,"2PAT470",,,,,,,AVAILABLE,2025-11-21 05:50:13.226,2025-11-21 05:50:13.226,"18e3e5db-cf20-4eba-a198-98109170c02b",,,,,,,,,
cmi8fy8nu00eiskghoft55je3,,,"2PAT547",,,,,,,AVAILABLE,2025-11-21 05:50:13.314,2025-11-21 05:50:13.314,"18e3e5db-cf20-4eba-a198-98109170c02b",,,,,,,,,
cmi8fy8ix00bpskghfkc0m49x,,,"3MMX434",,,,,,,AVAILABLE,2025-11-21 05:50:13.138,2025-11-21 05:50:13.138,"18e3e5db-cf20-4eba-a198-98109170c02b",,,,,,,,,
cmi8fy8i800b4skghu0rqodel,,,"3MMX407",,,,,,,AVAILABLE,2025-11-21 05:50:13.137,2025-11-21 05:50:13.137,"18e3e5db-cf20-4eba-a198-98109170c02b",,,,,,,,,
cmi8fy8j000btskghv0bue39t,,,"3MMX441",,,,,,,AVAILABLE,2025-11-21 05:50:13.138,2025-11-21 05:50:13.138,"18e3e5db-cf20-4eba-a198-98109170c02b",,,,,,,,,
cmi8fy8lg00d7skghgb4elxwx,,,"2PAZ465",,,,,,,AVAILABLE,2025-11-21 05:50:13.227,2025-11-21 05:50:13.227,"18e3e5db-cf20-4eba-a198-98109170c02b",,,,,,,,,
cmi8fy8kq00czskghoz2n3ovk,,,"2KHT490",,,,,,,AVAILABLE,2025-11-21 05:50:13.227,2025-11-21 05:50:13.227,"18e3e5db-cf20-4eba-a198-98109170c02b",,,,,,,,,
cmi8fy8m200doskghgchnprg8,,,"2KPT479",,,,,,,AVAILABLE,2025-11-21 05:50:13.227,2025-11-21 05:50:13.227,"18e3e5db-cf20-4eba-a198-98109170c02b",,,,,,,,,
cmi8fy8kp00clskghyf7pqcpf,,,"2MLS464",,,,,,,AVAILABLE,2025-11-21 05:50:13.226,2025-11-21 05:50:13.226,"18e3e5db-cf20-4eba-a198-98109170c02b",,,,,,,,,
cmi8fy8gn00adskghb9fwkluy,,,"3MMX384",,,,,,,AVAILABLE,2025-11-21 05:50:13.053,2025-11-21 05:50:13.053,"18e3e5db-cf20-4eba-a198-98109170c02b",,,,,,,,,
cmi8fy8jm00caskghq9356kmm,,,"3MMQ456",,,,,,,AVAILABLE,2025-11-21 05:50:13.138,2025-11-21 05:50:13.138,"18e3e5db-cf20-4eba-a198-98109170c02b",,,,,,,,,
cmi8fy8m700dsskghhs2c5cyl,,,"2MEZ487",,,,,,,AVAILABLE,2025-11-21 05:50:13.227,2025-11-21 05:50:13.227,"18e3e5db-cf20-4eba-a198-98109170c02b",,,,,,,,,
cmi8fy8hb00axskgh1lmo4d41,,,"1MMX366",,,,,,,AVAILABLE,2025-11-21 05:50:13.053,2025-11-21 05:50:13.053,"18e3e5db-cf20-4eba-a198-98109170c02b",,,,,,,,,
cmi8fy8i900bbskgh6rf6o8f5,,,"3MMX416",,,,,,,AVAILABLE,2025-11-21 05:50:13.137,2025-11-21 05:50:13.137,"18e3e5db-cf20-4eba-a198-98109170c02b",,,,,,,,,
cmi8fy8hf00b0skgh2qklay1o,,,"3MMX389",,,,,,,AVAILABLE,2025-11-21 05:50:13.053,2025-11-21 05:50:13.053,"18e3e5db-cf20-4eba-a198-98109170c02b",,,,,,,,,
cmi8fy8da008dskghooezt9f6,,,"1MMM306",,,,,,,AVAILABLE,2025-11-21 05:50:12.959,2025-11-21 05:50:12.959,"18e3e5db-cf20-4eba-a198-98109170c02b",,,,,,,,,
cmi8fy8e40095skghlw2647h5,,,"2ZET346",,,,,,,AVAILABLE,2025-11-21 05:50:12.960,2025-11-21 05:50:12.960,"18e3e5db-cf20-4eba-a198-98109170c02b",,,,,,,,,
cmi8fy8f2009mskgh8sddklxw,,,"2RAZ329",,,,,,,AVAILABLE,2025-11-21 05:50:12.960,2025-11-21 05:50:12.960,"18e3e5db-cf20-4eba-a198-98109170c02b",,,,,,,,,
cmi8fy8go00agskgh3bl5lsc2,,,"3MMX398",,,,,,,AVAILABLE,2025-11-21 05:50:13.053,2025-11-21 05:50:13.053,"18e3e5db-cf20-4eba-a198-98109170c02b",,,,,,,,,
cmi8fy8fw009xskght7bxqs3x,,,"2MIT370",,,,,,,AVAILABLE,2025-11-21 05:50:13.052,2025-11-21 05:50:13.052,"18e3e5db-cf20-4eba-a198-98109170c02b",,,,,,,,,
cmi8fy8fv009sskghma8v0zkg,,,"2JJIT359",,,,,,,AVAILABLE,2025-11-21 05:50:13.052,2025-11-21 05:50:13.052,"18e3e5db-cf20-4eba-a198-98109170c02b",,,,,,,,,
cmi8fy86m004rskgh8yookav0,,,"2TIT180",,,,,,,AVAILABLE,2025-11-21 05:50:12.694,2025-11-21 05:50:12.694,"18e3e5db-cf20-4eba-a198-98109170c02b",,,,,,,,,
cmi8fy8cg008askghipm2dz8d,,,"1MMM281",,,,,,,AVAILABLE,2025-11-21 05:50:12.875,2025-11-21 05:50:12.875,"18e3e5db-cf20-4eba-a198-98109170c02b",,,,,,,,,
cmi8fy8ax0070skgh7v1ka9sf,,,"2PAC257",,,,,,,AVAILABLE,2025-11-21 05:50:12.873,2025-11-21 05:50:12.873,"18e3e5db-cf20-4eba-a198-98109170c02b",,,,,,,,,
cmi8fy8a1006sskghaf4ua5z8,,,"2PAD252",,,,,,,AVAILABLE,2025-11-21 05:50:12.787,2025-11-21 05:50:12.787,"18e3e5db-cf20-4eba-a198-98109170c02b",,,,,,,,,
cmi8fy8bq007pskgh8z4z1cbl,,,"1MMM294",,,,,,,AVAILABLE,2025-11-21 05:50:12.875,2025-11-21 05:50:12.875,"18e3e5db-cf20-4eba-a198-98109170c02b",,,,,,,,,
cmi8fy82y003rskghxbvzw7ez,,,"2MLD154",,,,,,,AVAILABLE,2025-11-21 05:50:12.554,2025-11-21 05:50:12.554,"18e3e5db-cf20-4eba-a198-98109170c02b",,,,,,,,,
cmi8fy820002zskghtt6d2c3r,,,"2EST113",,,,,,,AVAILABLE,2025-11-21 05:50:12.553,2025-11-21 05:50:12.553,"18e3e5db-cf20-4eba-a198-98109170c02b",,,,,,,,,
cmi8fy85x004dskghk64xs379,,,"2PAL165",,,,,,,AVAILABLE,2025-11-21 05:50:12.693,2025-11-21 05:50:12.693,"18e3e5db-cf20-4eba-a198-98109170c02b",,,,,,,,,
cmi8fy82q003fskgh3nnqmj6u,,,"2GTT143",,,,,,,AVAILABLE,2025-11-21 05:50:12.554,2025-11-21 05:50:12.554,"18e3e5db-cf20-4eba-a198-98109170c02b",,,,,,,,,
cmi8fy83e003yskgh57f4ko70,,,"2EGT124",,,,,,,AVAILABLE,2025-11-21 05:50:12.554,2025-11-21 05:50:12.554,"18e3e5db-cf20-4eba-a198-98109170c02b",,,,,,,,,
cmi8fy8ub00iaskghwfgujfyb,,,"2MHT678",,,,,,,AVAILABLE,2025-11-21 05:50:13.571,2025-11-21 05:50:13.571,"18e3e5db-cf20-4eba-a198-98109170c02b",,,,,,,,,
cmi8fy8v800j6skghgui6tj18,,,"2HGT709",,,,,,,AVAILABLE,2025-11-21 05:50:13.572,2025-11-21 05:50:13.572,"18e3e5db-cf20-4eba-a198-98109170c02b",,,,,,,,,
cmi8fy8rz00gwskghvmn4saub,,,"2RAS628",,,,,,,AVAILABLE,2025-11-21 05:50:13.488,2025-11-21 05:50:13.488,"18e3e5db-cf20-4eba-a198-98109170c02b",,,,,,,,,
cmi8fy8sw00hsskghj78zff31,,,"2MLZ623",,,,,,,AVAILABLE,2025-11-21 05:50:13.489,2025-11-21 05:50:13.489,"18e3e5db-cf20-4eba-a198-98109170c02b",,,,,,,,,
cmi8fy80e0029skgh00h49ccu,,,"1MMP87",,,,,,,AVAILABLE,2025-11-21 05:50:12.463,2025-11-21 05:50:12.463,"18e3e5db-cf20-4eba-a198-98109170c02b",,,,,,,,,
cmi8fy8sy00htskghay53uspb,,,"1MMM619",,,,,,,AVAILABLE,2025-11-21 05:50:13.489,2025-11-21 05:50:13.489,"18e3e5db-cf20-4eba-a198-98109170c02b",,,,,,,,,
cmi8fy8ub00ihskghauc135iy,,,"2CCT662",,,,,,,AVAILABLE,2025-11-21 05:50:13.571,2025-11-21 05:50:13.571,"18e3e5db-cf20-4eba-a198-98109170c02b",,,,,,,,,
cmi8fy8s000gzskghddk80q3m,,,"1MMM614",,,,,,,AVAILABLE,2025-11-21 05:50:13.488,2025-11-21 05:50:13.488,"18e3e5db-cf20-4eba-a198-98109170c02b",,,,,,,,,
cmi8fy8980068skghe0iz08aw,,,"2MLT214",,,,,,,AVAILABLE,2025-11-21 05:50:12.787,2025-11-21 05:50:12.787,"18e3e5db-cf20-4eba-a198-98109170c02b",,,,,,,,,
cmi8fy80v002kskghylic0ybg,,,"2CCS100",,,,,,,AVAILABLE,2025-11-21 05:50:12.463,2025-11-21 05:50:12.463,"18e3e5db-cf20-4eba-a198-98109170c02b",,,,,,,,,
cmi8fy86t0052skghj3f6tlpx,,,"2VST194",,,,,,,AVAILABLE,2025-11-21 05:50:12.694,2025-11-21 05:50:12.694,"18e3e5db-cf20-4eba-a198-98109170c02b",,,,,,,,,
cmi8fy8210036skgh0thwm0dp,,,"2EGJ138",,,,,,,AVAILABLE,2025-11-21 05:50:12.553,2025-11-21 05:50:12.553,"18e3e5db-cf20-4eba-a198-98109170c02b",,,,,,,,,
cmi8fy8ti00i1skghdldlooqd,,,"2UCT624",,,,,,,AVAILABLE,2025-11-21 05:50:13.489,2025-11-21 05:50:13.489,"18e3e5db-cf20-4eba-a198-98109170c02b",,,,,,,,,
cmi8fy8rz00grskgho5l2omas,,,"1MMM613",,,,,,,AVAILABLE,2025-11-21 05:50:13.487,2025-11-21 05:50:13.487,"18e3e5db-cf20-4eba-a198-98109170c02b",,,,,,,,,
cmi8fy8ss00hgskghc6i9s1cs,,,"2CMJ656",,,,,,,AVAILABLE,2025-11-21 05:50:13.489,2025-11-21 05:50:13.489,"18e3e5db-cf20-4eba-a198-98109170c02b",,,,,,,,,
cmi8fy8qy00ggskghbammcwj5,,,"1MMM608",,,,,,,AVAILABLE,2025-11-21 05:50:13.399,2025-11-21 05:50:13.399,"18e3e5db-cf20-4eba-a198-98109170c02b",,,,,,,,,
cmi8fy8pi00fhskghb1snzb4p,,,"2PAZ574",,,,,,,AVAILABLE,2025-11-21 05:50:13.398,2025-11-21 05:50:13.398,"18e3e5db-cf20-4eba-a198-98109170c02b",,,,,,,,,
cmi8fy8qa00fvskghak8vdwhv,,,"2MLL588",,,,,,,AVAILABLE,2025-11-21 05:50:13.399,2025-11-21 05:50:13.399,"18e3e5db-cf20-4eba-a198-98109170c02b",,,,,,,,,
cmi8fy8ju00cdskgh3abgv7qk,,,"3MMX428",,,,,,,AVAILABLE,2025-11-21 05:50:13.138,2025-11-21 05:50:13.138,"18e3e5db-cf20-4eba-a198-98109170c02b",,,,,,,,,
cmi8fy8jo00cbskghc83kacwc,,,"3MMX414",,,,,,,AVAILABLE,2025-11-21 05:50:13.138,2025-11-21 05:50:13.138,"18e3e5db-cf20-4eba-a198-98109170c02b",,,,,,,,,
cmi8fy8qa00fxskghg9bh10nv,,,"2PAT597",,,,,,,AVAILABLE,2025-11-21 05:50:13.399,2025-11-21 05:50:13.399,"18e3e5db-cf20-4eba-a198-98109170c02b",,,,,,,,,
cmi8fy8gm00acskghqfh4m51s,,,"3MMX396",,,,,,,AVAILABLE,2025-11-21 05:50:13.053,2025-11-21 05:50:13.053,"18e3e5db-cf20-4eba-a198-98109170c02b",,,,,,,,,
cmi8fy8ph00faskghvy8dulq8,,,"2RAT559",,,,,,,AVAILABLE,2025-11-21 05:50:13.398,2025-11-21 05:50:13.398,"18e3e5db-cf20-4eba-a198-98109170c02b",,,,,,,,,
cmi8fy8gn00aeskghdjsj4434,,,"3MMX395",,,,,,,AVAILABLE,2025-11-21 05:50:13.053,2025-11-21 05:50:13.053,"18e3e5db-cf20-4eba-a198-98109170c02b",,,,,,,,,
cmi8fy8hb00awskghy190au6c,,,"2TIL369",,,,,,,AVAILABLE,2025-11-21 05:50:13.053,2025-11-21 05:50:13.053,"18e3e5db-cf20-4eba-a198-98109170c02b",,,,,,,,,
cmi8fy8i800baskghc1b58y44,,,"3MMX415",,,,,,,AVAILABLE,2025-11-21 05:50:13.137,2025-11-21 05:50:13.137,"18e3e5db-cf20-4eba-a198-98109170c02b",,,,,,,,,
cmi8fy8j000bvskgh3vk52rb3,,,"3MMX425",,,,,,,AVAILABLE,2025-11-21 05:50:13.138,2025-11-21 05:50:13.138,"18e3e5db-cf20-4eba-a198-98109170c02b",,,,,,,,,
cmi8fy8hc00ayskghtndosy2p,,,"1MMX363",,,,,,,AVAILABLE,2025-11-21 05:50:13.053,2025-11-21 05:50:13.053,"18e3e5db-cf20-4eba-a198-98109170c02b",,,,,,,,,
cmi8fy8da008eskghu2e221sv,,,"1MMM307",,,,,,,AVAILABLE,2025-11-21 05:50:12.959,2025-11-21 05:50:12.959,"18e3e5db-cf20-4eba-a198-98109170c02b",,,,,,,,,
cmi8fy8ax0072skghnlz87e7n,,,"2MLC259",,,,,,,AVAILABLE,2025-11-21 05:50:12.873,2025-11-21 05:50:12.873,"18e3e5db-cf20-4eba-a198-98109170c02b",,,,,,,,,
cmi8fy8bo007mskgh7o3gi3k7,,,"1MMM292",,,,,,,AVAILABLE,2025-11-21 05:50:12.875,2025-11-21 05:50:12.875,"18e3e5db-cf20-4eba-a198-98109170c02b",,,,,,,,,
cmi8fy8cb0085skgh7htyk2n1,,,"1MMM268",,,,,,,AVAILABLE,2025-11-21 05:50:12.875,2025-11-21 05:50:12.875,"18e3e5db-cf20-4eba-a198-98109170c02b",,,,,,,,,
cmi8fy8e2008yskght1766vsu,,,"2KCT342",,,,,,,AVAILABLE,2025-11-21 05:50:12.960,2025-11-21 05:50:12.960,"18e3e5db-cf20-4eba-a198-98109170c02b",,,,,,,,,
cmi8fy8980067skghqhatottg,,,"2TCT237",,,,,,,AVAILABLE,2025-11-21 05:50:12.787,2025-11-21 05:50:12.787,"18e3e5db-cf20-4eba-a198-98109170c02b",,,,,,,,,
cmi8fy8cf0089skghh7w0gnk5,,,"1MMM296",,,,,,,AVAILABLE,2025-11-21 05:50:12.875,2025-11-21 05:50:12.875,"18e3e5db-cf20-4eba-a198-98109170c02b",,,,,,,,,
cmi8fy8da008iskghzfufqcw2,,,"1MMM317",,,,,,,AVAILABLE,2025-11-21 05:50:12.959,2025-11-21 05:50:12.959,"18e3e5db-cf20-4eba-a198-98109170c02b",,,,,,,,,
cmi8fy8a1006rskghvdylrksm,,,"2EGO251",,,,,,,AVAILABLE,2025-11-21 05:50:12.787,2025-11-21 05:50:12.787,"18e3e5db-cf20-4eba-a198-98109170c02b",,,,,,,,,
cmi8fy87n005jskghe78uabt7,,,"2TIT179",,,,,,,AVAILABLE,2025-11-21 05:50:12.695,2025-11-21 05:50:12.695,"18e3e5db-cf20-4eba-a198-98109170c02b",,,,,,,,,
cmi8fy8bp007oskghzsn1pn0n,,,"1MMM271",,,,,,,AVAILABLE,2025-11-21 05:50:12.875,2025-11-21 05:50:12.875,"18e3e5db-cf20-4eba-a198-98109170c02b",,,,,,,,,
cmi8fy85x004bskghpzaocxzt,,,"2PAZ164",,,,,,,AVAILABLE,2025-11-21 05:50:12.693,2025-11-21 05:50:12.693,"18e3e5db-cf20-4eba-a198-98109170c02b",,,,,,,,,
cmi8fy8ax0074skghwfhr33i2,,,"2SOJ265",,,,,,,AVAILABLE,2025-11-21 05:50:12.873,2025-11-21 05:50:12.873,"18e3e5db-cf20-4eba-a198-98109170c02b",,,,,,,,,
cmi8fy86o004zskghrui6egbl,,,"2TIL182",,,,,,,AVAILABLE,2025-11-21 05:50:12.694,2025-11-21 05:50:12.694,"18e3e5db-cf20-4eba-a198-98109170c02b",,,,,,,,,
cmi8fy8970065skghwlt92fww,,,"2EGZ228",,,,,,,AVAILABLE,2025-11-21 05:50:12.787,2025-11-21 05:50:12.787,"18e3e5db-cf20-4eba-a198-98109170c02b",,,,,,,,,
cmi8fy88i005pskghymh539jc,,,"1MMJ208",,,,,,,AVAILABLE,2025-11-21 05:50:12.786,2025-11-21 05:50:12.786,"18e3e5db-cf20-4eba-a198-98109170c02b",,,,,,,,,
cmi8fy8a1006wskghy6iddr90,,,"2PAZ233",,,,,,,AVAILABLE,2025-11-21 05:50:12.787,2025-11-21 05:50:12.787,"18e3e5db-cf20-4eba-a198-98109170c02b",,,,,,,,,
cmi8fy87e005eskghev9ywg6t,,,"2BIT202",,,,,,,AVAILABLE,2025-11-21 05:50:12.694,2025-11-21 05:50:12.694,"18e3e5db-cf20-4eba-a198-98109170c02b",,,,,,,,,
cmi8fy88i005kskghd5p94z8s,,,"1MMS209",,,,,,,AVAILABLE,2025-11-21 05:50:12.786,2025-11-21 05:50:12.786,"18e3e5db-cf20-4eba-a198-98109170c02b",,,,,,,,,
cmi8fy88i005nskgh8mstjg5n,,,"1MMP205",,,,,,,AVAILABLE,2025-11-21 05:50:12.786,2025-11-21 05:50:12.786,"18e3e5db-cf20-4eba-a198-98109170c02b",,,,,,,,,
cmi8fy86o004yskghfuhjatl1,,,"2WTP190",,,,,,,AVAILABLE,2025-11-21 05:50:12.694,2025-11-21 05:50:12.694,"18e3e5db-cf20-4eba-a198-98109170c02b",,,,,,,,,
cmi8fy85w0048skghoa76rb4c,,,"2MLJ155",,,,,,,AVAILABLE,2025-11-21 05:50:12.693,2025-11-21 05:50:12.693,"18e3e5db-cf20-4eba-a198-98109170c02b",,,,,,,,,
cmi8fy8v100ipskgh64rg24a6,,,"2HGT666",,,,,,,AVAILABLE,2025-11-21 05:50:13.572,2025-11-21 05:50:13.572,"18e3e5db-cf20-4eba-a198-98109170c02b",,,,,,,,,
cmi8fy86o004xskghgmbgyfjf,,,"2SLT192",,,,,,,AVAILABLE,2025-11-21 05:50:12.694,2025-11-21 05:50:12.694,"18e3e5db-cf20-4eba-a198-98109170c02b",,,,,,,,,
cmi8fy8vn00j8skgho021mkff,,,"2HGT708",,,,,,,AVAILABLE,2025-11-21 05:50:13.572,2025-11-21 05:50:13.572,"18e3e5db-cf20-4eba-a198-98109170c02b",,,,,,,,,
cmi8fy85x004askgh8pgnx8nn,,,"2PAD161",,,,,,,AVAILABLE,2025-11-21 05:50:12.693,2025-11-21 05:50:12.693,"18e3e5db-cf20-4eba-a198-98109170c02b",,,,,,,,,
cmi8fy83o0045skghtsl3o16q,,,"2EST118",,,,,,,AVAILABLE,2025-11-21 05:50:12.554,2025-11-21 05:50:12.554,"18e3e5db-cf20-4eba-a198-98109170c02b",,,,,,,,,
cmi8fy87l005gskgh4asc7z2f,,,"1MMP204",,,,,,,AVAILABLE,2025-11-21 05:50:12.694,2025-11-21 05:50:12.694,"18e3e5db-cf20-4eba-a198-98109170c02b",,,,,,,,,
cmi8fy82x003lskghq4klupo0,,,"2LRT148",,,,,,,AVAILABLE,2025-11-21 05:50:12.554,2025-11-21 05:50:12.554,"18e3e5db-cf20-4eba-a198-98109170c02b",,,,,,,,,
cmi8fy80e002fskgh785c1i6e,,,"2BIT94",,,,,,,AVAILABLE,2025-11-21 05:50:12.463,2025-11-21 05:50:12.463,"18e3e5db-cf20-4eba-a198-98109170c02b",,,,,,,,,
cmi8fy80x002lskghn6t4430i,,,"1MMX66",,,,,,,AVAILABLE,2025-11-21 05:50:12.463,2025-11-21 05:50:12.463,"18e3e5db-cf20-4eba-a198-98109170c02b",,,,,,,,,
cmi8fy8rz00gvskghx3ztz1vl,,,"2UCT625",,,,,,,AVAILABLE,2025-11-21 05:50:13.488,2025-11-21 05:50:13.488,"18e3e5db-cf20-4eba-a198-98109170c02b",,,,,,,,,
cmi8fy8r300gjskghk2drdvqu,,,"2UCT581",,,,,,,AVAILABLE,2025-11-21 05:50:13.400,2025-11-21 05:50:13.400,"18e3e5db-cf20-4eba-a198-98109170c02b",,,,,,,,,
cmi8fy8te00huskghp710zf4r,,,"2LTT658",,,,,,,AVAILABLE,2025-11-21 05:50:13.489,2025-11-21 05:50:13.489,"18e3e5db-cf20-4eba-a198-98109170c02b",,,,,,,,,
cmi8fy8f2009nskghww4o5xk1,,,"2CCL325",,,,,,,AVAILABLE,2025-11-21 05:50:12.960,2025-11-21 05:50:12.960,"18e3e5db-cf20-4eba-a198-98109170c02b",,,,,,,,,
cmi8fy83g0042skghe4f4teys,,,"2MLZ153",,,,,,,AVAILABLE,2025-11-21 05:50:12.554,2025-11-21 05:50:12.554,"18e3e5db-cf20-4eba-a198-98109170c02b",,,,,,,,,
cmi8fy8ua00i3skgh8230icxg,,,"2EGT661",,,,,,,AVAILABLE,2025-11-21 05:50:13.571,2025-11-21 05:50:13.571,"18e3e5db-cf20-4eba-a198-98109170c02b",,,,,,,,,
cmi8fy8fw009uskghs65ehz9i,,,"2PAZ361",,,,,,,AVAILABLE,2025-11-21 05:50:13.052,2025-11-21 05:50:13.052,"18e3e5db-cf20-4eba-a198-98109170c02b",,,,,,,,,
cmi8fy8210037skghq3nyufew,,,"2EGT132",,,,,,,AVAILABLE,2025-11-21 05:50:12.553,2025-11-21 05:50:12.553,"18e3e5db-cf20-4eba-a198-98109170c02b",,,,,,,,,
cmi8fy8rz00guskghkv0wk974,,,"1MMY621",,,,,,,AVAILABLE,2025-11-21 05:50:13.488,2025-11-21 05:50:13.488,"18e3e5db-cf20-4eba-a198-98109170c02b",,,,,,,,,
cmi8fy8n500easkghwvpjwq9t,,,"2RAT539",,,,,,,AVAILABLE,2025-11-21 05:50:13.313,2025-11-21 05:50:13.313,"18e3e5db-cf20-4eba-a198-98109170c02b",,,,,,,,,
cmi8fy8ok00f4skghqrauzr4k,,,"2LRT521",,,,,,,AVAILABLE,2025-11-21 05:50:13.314,2025-11-21 05:50:13.314,"18e3e5db-cf20-4eba-a198-98109170c02b",,,,,,,,,
cmi8fy8n400e0skghg0syjxe2,,,"2RAL513",,,,,,,AVAILABLE,2025-11-21 05:50:13.312,2025-11-21 05:50:13.312,"18e3e5db-cf20-4eba-a198-98109170c02b",,,,,,,,,
cmi8fy8qc00fyskghqz2txpax,,,"2RR596",,,,,,,AVAILABLE,2025-11-21 05:50:13.399,2025-11-21 05:50:13.399,"18e3e5db-cf20-4eba-a198-98109170c02b",,,,,,,,,
cmi8fy8kp00cmskghf4vk7e90,,,"2SOJ466",,,,,,,AVAILABLE,2025-11-21 05:50:13.226,2025-11-21 05:50:13.226,"18e3e5db-cf20-4eba-a198-98109170c02b",,,,,,,,,
cmi8fy8lf00d4skghbkuytcay,,,"1MMM493",,,,,,,AVAILABLE,2025-11-21 05:50:13.227,2025-11-21 05:50:13.227,"18e3e5db-cf20-4eba-a198-98109170c02b",,,,,,,,,
cmi8fy8n400e3skghdgyn6xjg,,,"2BRS518",,,,,,,AVAILABLE,2025-11-21 05:50:13.313,2025-11-21 05:50:13.313,"18e3e5db-cf20-4eba-a198-98109170c02b",,,,,,,,,
cmi8fy8kq00cwskgh8e13ffzg,,,"1MMP492",,,,,,,AVAILABLE,2025-11-21 05:50:13.227,2025-11-21 05:50:13.227,"18e3e5db-cf20-4eba-a198-98109170c02b",,,,,,,,,
cmi8fy8m700drskghvnher1zg,,,"2RIL483",,,,,,,AVAILABLE,2025-11-21 05:50:13.227,2025-11-21 05:50:13.227,"18e3e5db-cf20-4eba-a198-98109170c02b",,,,,,,,,
cmi8fy8m300dpskghzcqrl523,,,"2CCT486",,,,,,,AVAILABLE,2025-11-21 05:50:13.227,2025-11-21 05:50:13.227,"18e3e5db-cf20-4eba-a198-98109170c02b",,,,,,,,,
cmi8fy8kp00ckskghxdfoce3o,,,"3MMQ459",,,,,,,AVAILABLE,2025-11-21 05:50:13.226,2025-11-21 05:50:13.226,"18e3e5db-cf20-4eba-a198-98109170c02b",,,,,,,,,
cmi8fy8lg00d8skghysx02szg,,,"2BIT496",,,,,,,AVAILABLE,2025-11-21 05:50:13.227,2025-11-21 05:50:13.227,"18e3e5db-cf20-4eba-a198-98109170c02b",,,,,,,,,
cmi8fy8gp00aiskgh4gg8p7r8,,,"3MMX385",,,,,,,AVAILABLE,2025-11-21 05:50:13.053,2025-11-21 05:50:13.053,"18e3e5db-cf20-4eba-a198-98109170c02b",,,,,,,,,
cmi8fy8ll00dlskghbq7fvwav,,,"2RAL468",,,,,,,AVAILABLE,2025-11-21 05:50:13.227,2025-11-21 05:50:13.227,"18e3e5db-cf20-4eba-a198-98109170c02b",,,,,,,,,
cmi8fy8kp00cnskgh6wq19dzs,,,"3MMQ462",,,,,,,AVAILABLE,2025-11-21 05:50:13.226,2025-11-21 05:50:13.226,"18e3e5db-cf20-4eba-a198-98109170c02b",,,,,,,,,
cmi8fy8i900bkskgho0p4effo,,,"3MMX443",,,,,,,AVAILABLE,2025-11-21 05:50:13.137,2025-11-21 05:50:13.137,"18e3e5db-cf20-4eba-a198-98109170c02b",,,,,,,,,
cmi8fy8iz00bsskghnrw39py6,,,"3MMQ446",,,,,,,AVAILABLE,2025-11-21 05:50:13.138,2025-11-21 05:50:13.138,"18e3e5db-cf20-4eba-a198-98109170c02b",,,,,,,,,
cmi8fy8li00dbskgh8tyflngf,,,"2SMP474",,,,,,,AVAILABLE,2025-11-21 05:50:13.227,2025-11-21 05:50:13.227,"18e3e5db-cf20-4eba-a198-98109170c02b",,,,,,,,,
cmi8fy8jw00cfskgh7ywrer12,,,"3MMX421",,,,,,,AVAILABLE,2025-11-21 05:50:13.138,2025-11-21 05:50:13.138,"18e3e5db-cf20-4eba-a198-98109170c02b",,,,,,,,,
cmi8fy8iy00brskgh15tisfl3,,,"3MMX445",,,,,,,AVAILABLE,2025-11-21 05:50:13.138,2025-11-21 05:50:13.138,"18e3e5db-cf20-4eba-a198-98109170c02b",,,,,,,,,
cmi8fy8fw009zskghdhmmejs6,,,"1MMP379",,,,,,,AVAILABLE,2025-11-21 05:50:13.052,2025-11-21 05:50:13.052,"18e3e5db-cf20-4eba-a198-98109170c02b",,,,,,,,,
cmi8fy8fw00a5skghegualopg,,,"3MMX387",,,,,,,AVAILABLE,2025-11-21 05:50:13.053,2025-11-21 05:50:13.053,"18e3e5db-cf20-4eba-a198-98109170c02b",,,,,,,,,
cmi8fy8j500c8skgh28g9kb8b,,,"3MMX412",,,,,,,AVAILABLE,2025-11-21 05:50:13.138,2025-11-21 05:50:13.138,"18e3e5db-cf20-4eba-a198-98109170c02b",,,,,,,,,
cmi8fy8e5009fskghq754gl37,,,"2YIL328",,,,,,,AVAILABLE,2025-11-21 05:50:12.960,2025-11-21 05:50:12.960,"18e3e5db-cf20-4eba-a198-98109170c02b",,,,,,,,,
cmi8fy8hg00b3skgh46kxrs48,,,"2PAZ362",,,,,,,AVAILABLE,2025-11-21 05:50:13.053,2025-11-21 05:50:13.053,"18e3e5db-cf20-4eba-a198-98109170c02b",,,,,,,,,
cmi8fy8e5009bskgh6clgln3q,,,"2PAZ332",,,,,,,AVAILABLE,2025-11-21 05:50:12.960,2025-11-21 05:50:12.960,"18e3e5db-cf20-4eba-a198-98109170c02b",,,,,,,,,
cmi8fy8db008mskghy4nqi8t3,,,"2MLW330",,,,,,,AVAILABLE,2025-11-21 05:50:12.959,2025-11-21 05:50:12.959,"18e3e5db-cf20-4eba-a198-98109170c02b",,,,,,,,,
cmi8fy8bu007uskghdqrr8zm6,,,"2WSS264",,,,,,,AVAILABLE,2025-11-21 05:50:12.875,2025-11-21 05:50:12.875,"18e3e5db-cf20-4eba-a198-98109170c02b",,,,,,,,,
cmi8fy8bv0081skghqyfjqn9h,,,"1MMM286",,,,,,,AVAILABLE,2025-11-21 05:50:12.875,2025-11-21 05:50:12.875,"18e3e5db-cf20-4eba-a198-98109170c02b",,,,,,,,,
cmi8fy8bs007sskghkgtpxodx,,,"1MMM298",,,,,,,AVAILABLE,2025-11-21 05:50:12.875,2025-11-21 05:50:12.875,"18e3e5db-cf20-4eba-a198-98109170c02b",,,,,,,,,
cmi8fy8ay007gskghgsbka2td,,,"1MMM276",,,,,,,AVAILABLE,2025-11-21 05:50:12.874,2025-11-21 05:50:12.874,"18e3e5db-cf20-4eba-a198-98109170c02b",,,,,,,,,
cmi8fy85y004nskghbiljc6g1,,,"2SOL172",,,,,,,AVAILABLE,2025-11-21 05:50:12.694,2025-11-21 05:50:12.694,"18e3e5db-cf20-4eba-a198-98109170c02b",,,,,,,,,
cmi8fy8dc008wskgh1bpfqnmx,,,"2MLL309",,,,,,,AVAILABLE,2025-11-21 05:50:12.960,2025-11-21 05:50:12.960,"18e3e5db-cf20-4eba-a198-98109170c02b",,,,,,,,,
cmi8fy89c006eskghlesrgk41,,,"2EST241",,,,,,,AVAILABLE,2025-11-21 05:50:12.787,2025-11-21 05:50:12.787,"18e3e5db-cf20-4eba-a198-98109170c02b",,,,,,,,,
cmi8fy8ay007hskghxqoiz7iu,,,"1MMM289",,,,,,,AVAILABLE,2025-11-21 05:50:12.874,2025-11-21 05:50:12.874,"18e3e5db-cf20-4eba-a198-98109170c02b",,,,,,,,,
cmi8fy89e006fskghk3vhzhg8,,,"2EST242",,,,,,,AVAILABLE,2025-11-21 05:50:12.787,2025-11-21 05:50:12.787,"18e3e5db-cf20-4eba-a198-98109170c02b",,,,,,,,,
cmi8fy88i005wskgh0zh9nbur,,,"2MLG213",,,,,,,AVAILABLE,2025-11-21 05:50:12.787,2025-11-21 05:50:12.787,"18e3e5db-cf20-4eba-a198-98109170c02b",,,,,,,,,
cmi8fy88j0064skgh02xhi92x,,,"2PAW235",,,,,,,AVAILABLE,2025-11-21 05:50:12.787,2025-11-21 05:50:12.787,"18e3e5db-cf20-4eba-a198-98109170c02b",,,,,,,,,
cmi8fy86o004tskghd22uc18n,,,"2MLZ186",,,,,,,AVAILABLE,2025-11-21 05:50:12.694,2025-11-21 05:50:12.694,"18e3e5db-cf20-4eba-a198-98109170c02b",,,,,,,,,
cmi8fy83h0043skghzhz05gng,,,"2ESJ122",,,,,,,AVAILABLE,2025-11-21 05:50:12.554,2025-11-21 05:50:12.554,"18e3e5db-cf20-4eba-a198-98109170c02b",,,,,,,,,
cmi8fy82z003vskghkym89ukx,,,"2EGD134",,,,,,,AVAILABLE,2025-11-21 05:50:12.554,2025-11-21 05:50:12.554,"18e3e5db-cf20-4eba-a198-98109170c02b",,,,,,,,,
cmi8fy82q003gskghptqh5hxi,,,"2LRT145",,,,,,,AVAILABLE,2025-11-21 05:50:12.554,2025-11-21 05:50:12.554,"18e3e5db-cf20-4eba-a198-98109170c02b",,,,,,,,,
cmi8fy86t0055skghngvcngcu,,,"2ATS196",,,,,,,AVAILABLE,2025-11-21 05:50:12.694,2025-11-21 05:50:12.694,"18e3e5db-cf20-4eba-a198-98109170c02b",,,,,,,,,
cmi8fy83e003zskghd9tfpcs2,,,"2KHT144",,,,,,,AVAILABLE,2025-11-21 05:50:12.554,2025-11-21 05:50:12.554,"18e3e5db-cf20-4eba-a198-98109170c02b",,,,,,,,,
cmi8fy820002yskghkdkcjcar,,,"2DBT105",,,,,,,AVAILABLE,2025-11-21 05:50:12.552,2025-11-21 05:50:12.552,"18e3e5db-cf20-4eba-a198-98109170c02b",,,,,,,,,
cmi8fy8ub00i7skgh9q3bnwji,,,"2TIL673",,,,,,,AVAILABLE,2025-11-21 05:50:13.571,2025-11-21 05:50:13.571,"18e3e5db-cf20-4eba-a198-98109170c02b",,,,,,,,,
cmi8fy85w0046skgh08c2xxj3,,,"2MLJ156",,,,,,,AVAILABLE,2025-11-21 05:50:12.693,2025-11-21 05:50:12.693,"18e3e5db-cf20-4eba-a198-98109170c02b",,,,,,,,,
cmi8fy82r003iskghnvqg1ulk,,,"2LRT146",,,,,,,AVAILABLE,2025-11-21 05:50:12.554,2025-11-21 05:50:12.554,"18e3e5db-cf20-4eba-a198-98109170c02b",,,,,,,,,
cmi8fy8pi00fgskghru57e4a5,,,"2PAT571",,,,,,,AVAILABLE,2025-11-21 05:50:13.398,2025-11-21 05:50:13.398,"18e3e5db-cf20-4eba-a198-98109170c02b",,,,,,,,,
cmi8fy82r003hskghta9bxg53,,,"2EGT133",,,,,,,AVAILABLE,2025-11-21 05:50:12.554,2025-11-21 05:50:12.554,"18e3e5db-cf20-4eba-a198-98109170c02b",,,,,,,,,
cmi8fy8r300giskghp6wbz6jh,,,"2KCT577",,,,,,,AVAILABLE,2025-11-21 05:50:13.399,2025-11-21 05:50:13.399,"18e3e5db-cf20-4eba-a198-98109170c02b",,,,,,,,,
cmi8fy8nv00ekskghycxbbyn1,,,"2RAT549",,,,,,,AVAILABLE,2025-11-21 05:50:13.314,2025-11-21 05:50:13.314,"18e3e5db-cf20-4eba-a198-98109170c02b",,,,,,,,,
cmi8fy8te00hvskghdmukc0px,,,"2LTT659",,,,,,,AVAILABLE,2025-11-21 05:50:13.489,2025-11-21 05:50:13.489,"18e3e5db-cf20-4eba-a198-98109170c02b",,,,,,,,,
cmi8fy810002mskghz3al19mk,,,"1MMP91",,,,,,,AVAILABLE,2025-11-21 05:50:12.463,2025-11-21 05:50:12.463,"18e3e5db-cf20-4eba-a198-98109170c02b",,,,,,,,,
cmi8fy8v700iyskgh869704ko,,,"2HGT707",,,,,,,AVAILABLE,2025-11-21 05:50:13.572,2025-11-21 05:50:13.572,"18e3e5db-cf20-4eba-a198-98109170c02b",,,,,,,,,
cmi8fy8ub00icskgh9bebthg2,,,"2TMT685",,,,,,,AVAILABLE,2025-11-21 05:50:13.571,2025-11-21 05:50:13.571,"18e3e5db-cf20-4eba-a198-98109170c02b",,,,,,,,,
cmi8fy7tz000askghhi5qqyvg,,,"1MMT18",,,,,,,AVAILABLE,2025-11-21 05:50:12.040,2025-11-21 05:50:12.040,"18e3e5db-cf20-4eba-a198-98109170c02b",,,,,,,,,
cmi8fy7xg000wskghs643jimy,,,"1MMS39",,,,,,,AVAILABLE,2025-11-21 05:50:12.040,2025-11-21 05:50:12.040,"18e3e5db-cf20-4eba-a198-98109170c02b",,,,,,,,,
cmi8fy7xf000vskghlq5o3i9a,,,"1MMS37",,,,,,,AVAILABLE,2025-11-21 05:50:12.040,2025-11-21 05:50:12.040,"18e3e5db-cf20-4eba-a198-98109170c02b",,,,,,,,,
cmi8fy7x6000uskgh649qecs9,,,"1MMS34",,,,,,,AVAILABLE,2025-11-21 05:50:12.040,2025-11-21 05:50:12.040,"18e3e5db-cf20-4eba-a198-98109170c02b",,,,,,,,,
cmi8fy7si0003skghhcbkkern,,,"1MMZ29",,,,,,,AVAILABLE,2025-11-21 05:50:12.040,2025-11-21 05:50:12.040,"18e3e5db-cf20-4eba-a198-98109170c02b",,,,,,,,,
cmi8fy7xk000zskghs0b2047s,,,"1MMS41",,,,,,,AVAILABLE,2025-11-21 05:50:12.040,2025-11-21 05:50:12.040,"18e3e5db-cf20-4eba-a198-98109170c02b",,,,,,,,,
cmi8fy7ue000iskghkz23lnyi,,,"1MMT15",,,,,,,AVAILABLE,2025-11-21 05:50:12.040,2025-11-21 05:50:12.040,"18e3e5db-cf20-4eba-a198-98109170c02b",,,,,,,,,
cmn0fbm7m1j15k42a18z4cj1f,,TIPPER,"2HGT854",,,,AGZ8680,,cmid6zfak0002lb02iytpltpq,AVAILABLE,2026-03-21 14:29:00.082,2026-03-21 14:29:00.082,,,,,,,,,,
cmi8fy7zi001xskghi5ziaf27,,,"1MMX68",,,,,,,AVAILABLE,2025-11-21 05:50:12.462,2025-11-21 05:50:12.462,"18e3e5db-cf20-4eba-a198-98109170c02b",,,,,,,,,
cmi8fy7zh001tskgh2w8bwzz3,,,"1MMX74",,,,,,,AVAILABLE,2025-11-21 05:50:12.462,2025-11-21 05:50:12.462,"18e3e5db-cf20-4eba-a198-98109170c02b",,,,,,,,,
cmi8fy8wo00joskghhwxdfak2,,TIPPER,"2TMT719",SINO,SINO,,AHA2792,LZZ5ELSD2S326418,cmj9v9x6n0007l902ludhewwi,AVAILABLE,2025-11-21 05:50:13.657,2025-12-17 10:29:02.971,"18e3e5db-cf20-4eba-a198-98109170c02b",,,,,,,,,
cmi8fy8uz00inskgh2ji6sas2,,,"2HGT670",,,,,,,AVAILABLE,2025-11-21 05:50:13.572,2025-11-21 05:50:13.572,"18e3e5db-cf20-4eba-a198-98109170c02b",,,,,,,,,
cmi8fy8uz00ioskghtll4k47x,,,"2EXZ698",,,,,,,AVAILABLE,2025-11-21 05:50:13.572,2025-11-21 05:50:13.572,"18e3e5db-cf20-4eba-a198-98109170c02b",,,,,,,,,
cmi8fy8li00daskgh1jpph4m9,,,"2RAJ500",,,,,,,AVAILABLE,2025-11-21 05:50:13.227,2025-11-21 05:50:13.227,"18e3e5db-cf20-4eba-a198-98109170c02b",,,,,,,,,
cmn0fhuoo1j3kk42a89w63mgs,,TIPPER,"2HGT851",,,,AGZ8677,,cmid6zfak0002lb02iytpltpq,AVAILABLE,2026-03-21 14:33:51.001,2026-03-21 14:33:51.001,,,,,,,,,,
cmi8fy8ll00djskghf53u61vu,,,"2SDP505",,,,,,,AVAILABLE,2025-11-21 05:50:13.227,2025-11-21 05:50:13.227,"18e3e5db-cf20-4eba-a198-98109170c02b",,,,,,,,,
cmi8fy8lq00dnskghv2iyhdn0,,,"1MMX476",,,,,,,AVAILABLE,2025-11-21 05:50:13.227,2025-11-21 05:50:13.227,"18e3e5db-cf20-4eba-a198-98109170c02b",,,,,,,,,
cmn0fu55a1jick42adsfudhl6,,TIPPER,"2HGT850",,,,AGZ8676,,cmid6zfak0002lb02iytpltpq,AVAILABLE,2026-03-21 14:43:24.430,2026-03-21 14:43:24.430,,,,,,,,,,
cmi8fy8nx00eoskghka74vldb,,,"2PAT548",,,,,,,AVAILABLE,2025-11-21 05:50:13.314,2025-11-21 05:50:13.314,"18e3e5db-cf20-4eba-a198-98109170c02b",,,,,,,,,
"6eac7910-ec75-43a5-9a27-35c9f8b88e40",,TIPPER,"2EST761",DAF,,,,XLRAD85MCOE800661,cmid6yjrc000jjv0288g2ibzo,AVAILABLE,2026-03-18 09:38:21.890,2026-03-20 13:56:44.040,"18e3e5db-cf20-4eba-a198-98109170c02b",,,LITRES_PER_KM,,,WALDEN,,,
d047e2eb-e554-46dd-ae69-2338eb57dd91,,EXCAVATOR,"2ESZ742",XCMG,,,,XUG12001PNKA18711,cmid6yjrc000jjv0288g2ibzo,AVAILABLE,2026-03-18 09:38:21.890,2026-03-20 13:48:15.047,"18e3e5db-cf20-4eba-a198-98109170c02b",,20.0,,,,WALDEN,,,
"3b835489-bb36-4fee-af61-9b8f09ed29ff",,,"1MMTD735",,,,,,,AVAILABLE,2026-03-18 09:38:21.890,2026-03-18 09:38:21.890,"18e3e5db-cf20-4eba-a198-98109170c02b",,,,,,,,,
"3c00cf1a-b9f1-4733-b764-cf3081cec94e",,,"1MMDR733",,,,,,,AVAILABLE,2026-03-18 09:38:21.890,2026-03-18 09:38:21.890,"18e3e5db-cf20-4eba-a198-98109170c02b",,,,,,,,,
"3f8975e9-912e-480a-9ca2-60690059102d",,,"2UFR747",,,,,,,AVAILABLE,2026-03-18 09:38:21.890,2026-03-18 09:38:21.890,"18e3e5db-cf20-4eba-a198-98109170c02b",,,,,,,,,
"4130cca4-c7e4-4e1e-968f-18641720637c",,,"1MMU727",,,,,,,AVAILABLE,2026-03-18 09:38:21.890,2026-03-18 09:38:21.890,"18e3e5db-cf20-4eba-a198-98109170c02b",,,,,,,,,
"4688feff-c889-4c1e-a64b-3b0367d9b635",,,"2MEL777",,,,,,,AVAILABLE,2026-03-18 09:38:21.890,2026-03-18 09:38:21.890,"18e3e5db-cf20-4eba-a198-98109170c02b",,,,,,,,,
"4d37bfd0-6fe1-4d74-9180-6cc43b026163",,,"2MEJ774",,,,,,,AVAILABLE,2026-03-18 09:38:21.890,2026-03-18 09:38:21.890,"18e3e5db-cf20-4eba-a198-98109170c02b",,,,,,,,,
"4e027191-e62d-466a-a13f-b60fe60a5459",,,"1MMU722",,,,,,,AVAILABLE,2026-03-18 09:38:21.890,2026-03-18 09:38:21.890,"18e3e5db-cf20-4eba-a198-98109170c02b",,,,,,,,,
"54c6ceec-ca7c-4d3e-b1fa-a187b9344967",,,"1MMDR734",,,,,,,AVAILABLE,2026-03-18 09:38:21.890,2026-03-18 09:38:21.890,"18e3e5db-cf20-4eba-a198-98109170c02b",,,,,,,,,
"5673b66e-b932-4f8c-9bf1-8124b417140a",,,"2WTT749",,,,,,,AVAILABLE,2026-03-18 09:38:21.890,2026-03-18 09:38:21.890,"18e3e5db-cf20-4eba-a198-98109170c02b",,,,,,,,,
"586700e5-3060-4955-84c4-fb79b7b3d5ff",,,"2HGT763",,,,,,,AVAILABLE,2026-03-18 09:38:21.890,2026-03-18 09:38:21.890,"18e3e5db-cf20-4eba-a198-98109170c02b",,,,,,,,,
"641f439b-df0e-410b-9997-3bbe46b7b0de",,,"2PAJ773",,,,,,,AVAILABLE,2026-03-18 09:38:21.890,2026-03-18 09:38:21.890,"18e3e5db-cf20-4eba-a198-98109170c02b",,,,,,,,,
"676bed4b-178f-403a-9327-b18b73e7109c",,,"1MMX748",,,,,,,AVAILABLE,2026-03-18 09:38:21.890,2026-03-18 09:38:21.890,"18e3e5db-cf20-4eba-a198-98109170c02b",,,,,,,,,
"7924e782-c082-41bc-aa68-75f562ffdd6c",,,"1MMU721",,,,,,,AVAILABLE,2026-03-18 09:38:21.890,2026-03-18 09:38:21.890,"18e3e5db-cf20-4eba-a198-98109170c02b",,,,,,,,,
"7f27fa79-1bff-45f9-a1bf-325a8856f68e",,,"1MMTI726",,,,,,,AVAILABLE,2026-03-18 09:38:21.890,2026-03-18 09:38:21.890,"18e3e5db-cf20-4eba-a198-98109170c02b",,,,,,,,,
"822d3b0d-c5ef-496c-8a37-26ddc1295dfe",,,"1MMY720",,,,,,,AVAILABLE,2026-03-18 09:38:21.890,2026-03-18 09:38:21.890,"18e3e5db-cf20-4eba-a198-98109170c02b",,,,,,,,,
"8387e724-c6f4-4606-aab2-6ddf6c117e6c",,,"2MEJ775",,,,,,,AVAILABLE,2026-03-18 09:38:21.890,2026-03-18 09:38:21.890,"18e3e5db-cf20-4eba-a198-98109170c02b",,,,,,,,,
"8f5f0ea6-9be0-45f6-a5a0-dc0aebb58c77",,,"2HGT760",,,,,,,AVAILABLE,2026-03-18 09:38:21.890,2026-03-18 09:38:21.890,"18e3e5db-cf20-4eba-a198-98109170c02b",,,,,,,,,
"94704959-f57d-48db-9936-9e4df95feeb9",,,"1MMDR732",,,,,,,AVAILABLE,2026-03-18 09:38:21.890,2026-03-18 09:38:21.890,"18e3e5db-cf20-4eba-a198-98109170c02b",,,,,,,,,
"9a1f9103-edbc-4c64-9fdd-0fd22c98bc09",,,"2MLC755",,,,,,,AVAILABLE,2026-03-18 09:38:21.890,2026-03-18 09:38:21.890,"18e3e5db-cf20-4eba-a198-98109170c02b",,,,,,,,,
"9a495e6d-751b-492b-b201-251f498045ca",,,"2HGT764",,,,,,,AVAILABLE,2026-03-18 09:38:21.890,2026-03-18 09:38:21.890,"18e3e5db-cf20-4eba-a198-98109170c02b",,,,,,,,,
a9ee5945-2ef5-4868-a7b9-cd6700d28302,,,"2MLS754",,,,,,,AVAILABLE,2026-03-18 09:38:21.890,2026-03-18 09:38:21.890,"18e3e5db-cf20-4eba-a198-98109170c02b",,,,,,,,,
b0d5dbeb-0811-4913-89cb-03e3f99bab07,,,"2APT752",,,,,,,AVAILABLE,2026-03-18 09:38:21.890,2026-03-18 09:38:21.890,"18e3e5db-cf20-4eba-a198-98109170c02b",,,,,,,,,
b4da8485-efc3-4ab4-83c0-94e4e1ec9d0d,,,"2MLZ751",,,,,,,AVAILABLE,2026-03-18 09:38:21.890,2026-03-18 09:38:21.890,"18e3e5db-cf20-4eba-a198-98109170c02b",,,,,,,,,
b9b8a178-cfc1-4e24-b84f-170a3c7b6edc,,,"2HGT759",,,,,,,AVAILABLE,2026-03-18 09:38:21.890,2026-03-18 09:38:21.890,"18e3e5db-cf20-4eba-a198-98109170c02b",,,,,,,,,
ba30c573-9356-4ff1-8762-ba7964696314,,,"2UFL739",,,,,,,AVAILABLE,2026-03-18 09:38:21.890,2026-03-18 09:38:21.890,"18e3e5db-cf20-4eba-a198-98109170c02b",,,,,,,,,
c8e01834-1404-4733-b0d7-a8ea8689bd16,,,"2HGT757",,,,,,,AVAILABLE,2026-03-18 09:38:21.890,2026-03-18 09:38:21.890,"18e3e5db-cf20-4eba-a198-98109170c02b",,,,,,,,,
c9412a25-3aa4-4d66-86d3-e8ea6827fa6c,,,"1MMZ725",,,,,,,AVAILABLE,2026-03-18 09:38:21.890,2026-03-18 09:38:21.890,"18e3e5db-cf20-4eba-a198-98109170c02b",,,,,,,,,
ca4091d7-4288-4328-b94e-d958a166641d,,,"2MEJ779",,,,,,,AVAILABLE,2026-03-18 09:38:21.890,2026-03-18 09:38:21.890,"18e3e5db-cf20-4eba-a198-98109170c02b",,,,,,,,,
"035415e4-0c06-490a-b8da-3a472f701c7f",,,"2UFL738",,,,,,,AVAILABLE,2026-03-18 09:38:21.890,2026-03-18 09:38:21.890,"18e3e5db-cf20-4eba-a198-98109170c02b",,,,,,,,,
fe0a5566-ca94-4cf6-ab1c-6928d0b6ff99,,,"1MMX745",,,,,,,AVAILABLE,2026-03-18 09:38:21.890,2026-03-18 09:38:21.890,"18e3e5db-cf20-4eba-a198-98109170c02b",,,,,,,,,
d3d2a55e-9e60-4e88-8246-3c03909926ee,,,"1MMU723",,,,,,,AVAILABLE,2026-03-18 09:38:21.890,2026-03-18 09:38:21.890,"18e3e5db-cf20-4eba-a198-98109170c02b",,,,,,,,,
d7273b70-ba06-4177-9c40-5c65f60fd583,,,"1MMYK730",,,,,,,AVAILABLE,2026-03-18 09:38:21.890,2026-03-18 09:38:21.890,"18e3e5db-cf20-4eba-a198-98109170c02b",,,,,,,,,
d81bc26a-fa3d-4c48-8a99-20cf326b760a,,,"2WTP770",,,,,,,AVAILABLE,2026-03-18 09:38:21.890,2026-03-18 09:38:21.890,"18e3e5db-cf20-4eba-a198-98109170c02b",,,,,,,,,
da472a7a-7e45-43b3-a6e4-8f1e614846c3,,,"2UFZ762",,,,,,,AVAILABLE,2026-03-18 09:38:21.890,2026-03-18 09:38:21.890,"18e3e5db-cf20-4eba-a198-98109170c02b",,,,,,,,,
df79dd35-6c79-4c89-86cc-4040c2a1bd24,,,"1MMCN737",,,,,,,AVAILABLE,2026-03-18 09:38:21.890,2026-03-18 09:38:21.890,"18e3e5db-cf20-4eba-a198-98109170c02b",,,,,,,,,
e5118a52-505f-4515-9724-6b11c858ebc6,,,"2MEJ778",,,,,,,AVAILABLE,2026-03-18 09:38:21.890,2026-03-18 09:38:21.890,"18e3e5db-cf20-4eba-a198-98109170c02b",,,,,,,,,
e73c104f-c781-4d6a-9a5a-db1554521777,,,"2MEJ746",,,,,,,AVAILABLE,2026-03-18 09:38:21.890,2026-03-18 09:38:21.890,"18e3e5db-cf20-4eba-a198-98109170c02b",,,,,,,,,
"0524fe3a-f391-4cd4-bfdb-271dd36515b0",,,"1MMYK731",,,,,,,AVAILABLE,2026-03-18 09:38:21.890,2026-03-18 09:38:21.890,"18e3e5db-cf20-4eba-a198-98109170c02b",,,,,,,,,
"07bf1af7-8a2b-4f9b-aa87-ae43495f4f4e",,,"1MMX750",,,,,,,AVAILABLE,2026-03-18 09:38:21.890,2026-03-18 09:38:21.890,"18e3e5db-cf20-4eba-a198-98109170c02b",,,,,,,,,
"0a36c3c1-2751-45a2-8254-9cc6f62c6c99",,,"1MMM729",,,,,,,AVAILABLE,2026-03-18 09:38:21.890,2026-03-18 09:38:21.890,"18e3e5db-cf20-4eba-a198-98109170c02b",,,,,,,,,
"105db65d-bd48-4442-a179-d05767ff50b3",,,"2TIL741",,,,,,,AVAILABLE,2026-03-18 09:38:21.890,2026-03-18 09:38:21.890,"18e3e5db-cf20-4eba-a198-98109170c02b",,,,,,,,,
"15af7b91-8f07-46cc-9d03-7af7baf857a0",,,"2HGT758",,,,,,,AVAILABLE,2026-03-18 09:38:21.890,2026-03-18 09:38:21.890,"18e3e5db-cf20-4eba-a198-98109170c02b",,,,,,,,,
"1908b14c-738a-4555-bdfc-412a6240ac4d",,,"1MMTD736",,,,,,,AVAILABLE,2026-03-18 09:38:21.890,2026-03-18 09:38:21.890,"18e3e5db-cf20-4eba-a198-98109170c02b",,,,,,,,,
"1cb08205-db4c-4517-bd7e-61f7152ded80",,,"2PAL772",,,,,,,AVAILABLE,2026-03-18 09:38:21.890,2026-03-18 09:38:21.890,"18e3e5db-cf20-4eba-a198-98109170c02b",,,,,,,,,
"25fadf4b-0627-470a-b0ee-b0216fc513c6",,,"1MMU728",,,,,,,AVAILABLE,2026-03-18 09:38:21.890,2026-03-18 09:38:21.890,"18e3e5db-cf20-4eba-a198-98109170c02b",,,,,,,,,
"28038fbc-4aaf-4198-b438-cdd7d5f620a1",,,"2HGT765",,,,,,,AVAILABLE,2026-03-18 09:38:21.890,2026-03-18 09:38:21.890,"18e3e5db-cf20-4eba-a198-98109170c02b",,,,,,,,,
"34ef37e9-6847-443e-b83b-450157127caf",,,"2MEL776",,,,,,,AVAILABLE,2026-03-18 09:38:21.890,2026-03-18 09:38:21.890,"18e3e5db-cf20-4eba-a198-98109170c02b",,,,,,,,,
fa8b76d8-d752-41b3-98da-cd72a89d63fc,,,"1MMU724",,,,,,,AVAILABLE,2026-03-18 09:38:21.890,2026-03-18 09:38:21.890,"18e3e5db-cf20-4eba-a198-98109170c02b",,,,,,,,,
cmi8fy8i800b9skghutcxk8f3,,,"3MMX413",,,,,,,AVAILABLE,2025-11-21 05:50:13.137,2025-11-21 05:50:13.137,"18e3e5db-cf20-4eba-a198-98109170c02b",,,,,,,,,
"4789d254-0421-4e19-9a9d-4a2e1e329fdc",,,"2TST815",,,,,,,AVAILABLE,2026-03-18 09:38:21.890,2026-03-18 09:38:21.890,"18e3e5db-cf20-4eba-a198-98109170c02b",,,,,,,,,
"4d1d1e7d-6f86-46e1-8ff1-45ff2db002b0",,,"2HGL830",,,,,,,AVAILABLE,2026-03-18 09:38:21.890,2026-03-18 09:38:21.890,"18e3e5db-cf20-4eba-a198-98109170c02b",,,,,,,,,
"51b0a278-71be-4539-b05a-24b47e80dacb",,,"2HGT798",,,,,,,AVAILABLE,2026-03-18 09:38:21.890,2026-03-18 09:38:21.890,"18e3e5db-cf20-4eba-a198-98109170c02b",,,,,,,,,
"5913dec8-0850-4615-9101-d69e162b2a42",,,"2TMT829",,,,,,,AVAILABLE,2026-03-18 09:38:21.890,2026-03-18 09:38:21.890,"18e3e5db-cf20-4eba-a198-98109170c02b",,,,,,,,,
"5a2c5a89-ba7b-42a4-9ca0-aaa0cf7aae12",,,"2SCB827",,,,,,,AVAILABLE,2026-03-18 09:38:21.890,2026-03-18 09:38:21.890,"18e3e5db-cf20-4eba-a198-98109170c02b",,,,,,,,,
"5e9bc4f2-4bc5-4367-8c3f-8448b2dbd4b6",,,"2HGT802",,,,,,,AVAILABLE,2026-03-18 09:38:21.890,2026-03-18 09:38:21.890,"18e3e5db-cf20-4eba-a198-98109170c02b",,,,,,,,,
"650e968b-cefa-4838-8fb9-677a851077bf",,,"2MHT792",,,,,,,AVAILABLE,2026-03-18 09:38:21.890,2026-03-18 09:38:21.890,"18e3e5db-cf20-4eba-a198-98109170c02b",,,,,,,,,
"69719aab-360b-4793-9203-e5a2c12a2899",,,"2UFT807",,,,,,,AVAILABLE,2026-03-18 09:38:21.890,2026-03-18 09:38:21.890,"18e3e5db-cf20-4eba-a198-98109170c02b",,,,,,,,,
"6cfc12e3-36bc-4ce5-82cb-5cffb63067a4",,,"2MEZ824",,,,,,,AVAILABLE,2026-03-18 09:38:21.890,2026-03-18 09:38:21.890,"18e3e5db-cf20-4eba-a198-98109170c02b",,,,,,,,,
"71f30635-3164-4c25-941d-cc13b439e881",,,"1MMX788",,,,,,,AVAILABLE,2026-03-18 09:38:21.890,2026-03-18 09:38:21.890,"18e3e5db-cf20-4eba-a198-98109170c02b",,,,,,,,,
"73324e5a-dc2d-4da6-9a68-c982a9ef5c78",,,"2SIT819",,,,,,,AVAILABLE,2026-03-18 09:38:21.890,2026-03-18 09:38:21.890,"18e3e5db-cf20-4eba-a198-98109170c02b",,,,,,,,,
"7a667d13-1b68-4264-aca2-5f813389774f",,,"2TST786",,,,,,,AVAILABLE,2026-03-18 09:38:21.890,2026-03-18 09:38:21.890,"18e3e5db-cf20-4eba-a198-98109170c02b",,,,,,,,,
"7b69b361-6c2b-4af3-8eb0-e5215e8359ee",,,"2HGL795",,,,,,,AVAILABLE,2026-03-18 09:38:21.890,2026-03-18 09:38:21.890,"18e3e5db-cf20-4eba-a198-98109170c02b",,,,,,,,,
"881c6aca-ee91-471d-be75-44a77e0d2e08",,,"2CRT823",,,,,,,AVAILABLE,2026-03-18 09:38:21.890,2026-03-18 09:38:21.890,"18e3e5db-cf20-4eba-a198-98109170c02b",,,,,,,,,
"92e59c55-e713-4026-82b9-88d579087d86",,,"2TIL828",,,,,,,AVAILABLE,2026-03-18 09:38:21.890,2026-03-18 09:38:21.890,"18e3e5db-cf20-4eba-a198-98109170c02b",,,,,,,,,
"9681e08f-e755-4f0c-a73a-24b7036d4b6f",,,"2TST814",,,,,,,AVAILABLE,2026-03-18 09:38:21.890,2026-03-18 09:38:21.890,"18e3e5db-cf20-4eba-a198-98109170c02b",,,,,,,,,
"98346b44-3a36-432d-aef1-e82a93d60d89",,,"2SIZ822",,,,,,,AVAILABLE,2026-03-18 09:38:21.890,2026-03-18 09:38:21.890,"18e3e5db-cf20-4eba-a198-98109170c02b",,,,,,,,,
"9dc20713-4951-4a32-9421-3331d9498139",,,"2UFT808",,,,,,,AVAILABLE,2026-03-18 09:38:21.890,2026-03-18 09:38:21.890,"18e3e5db-cf20-4eba-a198-98109170c02b",,,,,,,,,
a7830314-3bde-44cb-b947-df4044e325ad,,,"2HGT810",,,,,,,AVAILABLE,2026-03-18 09:38:21.890,2026-03-18 09:38:21.890,"18e3e5db-cf20-4eba-a198-98109170c02b",,,,,,,,,
c22f0a2f-b5e9-41fb-96f8-3988e07392fc,,,"2SIT821",,,,,,,AVAILABLE,2026-03-18 09:38:21.890,2026-03-18 09:38:21.890,"18e3e5db-cf20-4eba-a198-98109170c02b",,,,,,,,,
c9888dbc-3ed6-479f-a8d2-7bde47862a0d,,,"2MLW804",,,,,,,AVAILABLE,2026-03-18 09:38:21.890,2026-03-18 09:38:21.890,"18e3e5db-cf20-4eba-a198-98109170c02b",,,,,,,,,
cadabfd3-d8bd-4487-a2f6-6ab616c12ef2,,,"2SIL784",,,,,,,AVAILABLE,2026-03-18 09:38:21.890,2026-03-18 09:38:21.890,"18e3e5db-cf20-4eba-a198-98109170c02b",,,,,,,,,
cdc48acb-18d8-4cea-94c3-b2a9f0aa6897,,,"2HGT796",,,,,,,AVAILABLE,2026-03-18 09:38:21.890,2026-03-18 09:38:21.890,"18e3e5db-cf20-4eba-a198-98109170c02b",,,,,,,,,
d3918c0e-07a0-429a-8cfe-c501ab118099,,,"2TST811",,,,,,,AVAILABLE,2026-03-18 09:38:21.890,2026-03-18 09:38:21.890,"18e3e5db-cf20-4eba-a198-98109170c02b",,,,,,,,,
d6c121aa-a56f-4a5f-9d96-c9b86e86ed0e,,,"2MLJ806",,,,,,,AVAILABLE,2026-03-18 09:38:21.890,2026-03-18 09:38:21.890,"18e3e5db-cf20-4eba-a198-98109170c02b",,,,,,,,,
d76b7c8d-4ca3-4742-83b3-7c43ada9f60c,,,"2SIT820",,,,,,,AVAILABLE,2026-03-18 09:38:21.890,2026-03-18 09:38:21.890,"18e3e5db-cf20-4eba-a198-98109170c02b",,,,,,,,,
d7ff0e6e-a3d5-47d9-b964-be46b199a1b0,,,"2FEL782",,,,,,,AVAILABLE,2026-03-18 09:38:21.890,2026-03-18 09:38:21.890,"18e3e5db-cf20-4eba-a198-98109170c02b",,,,,,,,,
dec7e31f-a179-4975-adad-3f62b6962e73,,,"2WTP793",,,,,,,AVAILABLE,2026-03-18 09:38:21.890,2026-03-18 09:38:21.890,"18e3e5db-cf20-4eba-a198-98109170c02b",,,,,,,,,
e5233328-b242-4621-ae04-807d7e97adba,,,"2TST812",,,,,,,AVAILABLE,2026-03-18 09:38:21.890,2026-03-18 09:38:21.890,"18e3e5db-cf20-4eba-a198-98109170c02b",,,,,,,,,
e8bad2c3-f1cb-45a8-ad3d-ed930b17bd45,,,"2MOJ799",,,,,,,AVAILABLE,2026-03-18 09:38:21.890,2026-03-18 09:38:21.890,"18e3e5db-cf20-4eba-a198-98109170c02b",,,,,,,,,
eb406139-7bb1-452b-8b0e-296f5f4ae7a2,,,"2TMT781",,,,,,,AVAILABLE,2026-03-18 09:38:21.890,2026-03-18 09:38:21.890,"18e3e5db-cf20-4eba-a198-98109170c02b",,,,,,,,,
f92d4e4e-4098-4872-9394-e5ddea19d729,,,"2TST787",,,,,,,AVAILABLE,2026-03-18 09:38:21.890,2026-03-18 09:38:21.890,"18e3e5db-cf20-4eba-a198-98109170c02b",,,,,,,,,
"07623b29-3b1b-4ced-8377-cc6173c5beee",,,"2HGZ805",,,,,,,AVAILABLE,2026-03-18 09:38:21.890,2026-03-18 09:38:21.890,"18e3e5db-cf20-4eba-a198-98109170c02b",,,,,,,,,
"00a2ddf7-29ec-4cdb-83d7-cb1098455516",,,"2HGT803",,,,,,,AVAILABLE,2026-03-18 09:38:21.890,2026-03-18 09:38:21.890,"18e3e5db-cf20-4eba-a198-98109170c02b",,,,,,,,,
"0abc2571-b7b3-49a7-b825-84a266cfe66c",,,"2SEL783",,,,,,,AVAILABLE,2026-03-18 09:38:21.890,2026-03-18 09:38:21.890,"18e3e5db-cf20-4eba-a198-98109170c02b",,,,,,,,,
"0c99435d-4b7a-4af6-b933-2a8590b884eb",,,"2TST817",,,,,,,AVAILABLE,2026-03-18 09:38:21.890,2026-03-18 09:38:21.890,"18e3e5db-cf20-4eba-a198-98109170c02b",,,,,,,,,
"14ebe28f-094c-4186-85b7-8ca7a2002093",,,"2ZIL794",,,,,,,AVAILABLE,2026-03-18 09:38:21.890,2026-03-18 09:38:21.890,"18e3e5db-cf20-4eba-a198-98109170c02b",,,,,,,,,
"196d527f-e264-4bee-941e-5d64f97b0ec7",,,"2HGT801",,,,,,,AVAILABLE,2026-03-18 09:38:21.890,2026-03-18 09:38:21.890,"18e3e5db-cf20-4eba-a198-98109170c02b",,,,,,,,,
"204fb809-49b8-4509-a5ee-c87c44df0f8c",,,"2HGT797",,,,,,,AVAILABLE,2026-03-18 09:38:21.890,2026-03-18 09:38:21.890,"18e3e5db-cf20-4eba-a198-98109170c02b",,,,,,,,,
"231c8597-d96d-48e0-902c-ec562c95bf0f",,,"2SIL785",,,,,,,AVAILABLE,2026-03-18 09:38:21.890,2026-03-18 09:38:21.890,"18e3e5db-cf20-4eba-a198-98109170c02b",,,,,,,,,
"26b6c34b-9dfb-42af-a43b-316929995ee8",,,"2TST813",,,,,,,AVAILABLE,2026-03-18 09:38:21.890,2026-03-18 09:38:21.890,"18e3e5db-cf20-4eba-a198-98109170c02b",,,,,,,,,
"30627063-b900-460e-ae38-471a505fd9cb",,,"2TIL791",,,,,,,AVAILABLE,2026-03-18 09:38:21.890,2026-03-18 09:38:21.890,"18e3e5db-cf20-4eba-a198-98109170c02b",,,,,,,,,
"3143f699-0503-4213-abd2-c07039c284b6",,,"2HGT809",,,,,,,AVAILABLE,2026-03-18 09:38:21.890,2026-03-18 09:38:21.890,"18e3e5db-cf20-4eba-a198-98109170c02b",,,,,,,,,
"319cfc83-aba9-4fbb-bea8-eecb91a922b7",,,"2HGT789",,,,,,,AVAILABLE,2026-03-18 09:38:21.890,2026-03-18 09:38:21.890,"18e3e5db-cf20-4eba-a198-98109170c02b",,,,,,,,,
f0b12f98-543b-4ff4-95e4-1ed99d6867ae,,,"2TST816",,,,,,,AVAILABLE,2026-03-18 09:38:21.890,2026-03-18 09:38:21.890,"18e3e5db-cf20-4eba-a198-98109170c02b",,,,,,,,,
f34765a5-b6d3-466b-8a1d-9ca0881cdd76,,,"2TLF826",,,,,,,AVAILABLE,2026-03-18 09:38:21.890,2026-03-18 09:38:21.890,"18e3e5db-cf20-4eba-a198-98109170c02b",,,,,,,,,
f44266d8-a0fe-4fc3-ae51-c0b20ececc47,,,"2TST818",,,,,,,AVAILABLE,2026-03-18 09:38:21.890,2026-03-18 09:38:21.890,"18e3e5db-cf20-4eba-a198-98109170c02b",,,,,,,,,
f5301392-8292-4b1e-99ef-1725ac4a8378,,,"2HGT800",,,,,,,AVAILABLE,2026-03-18 09:38:21.890,2026-03-18 09:38:21.890,"18e3e5db-cf20-4eba-a198-98109170c02b",,,,,,,,,
f5d998ef-c697-4e56-b01e-d1b543b0d793,,,"2TMT780",,,,,,,AVAILABLE,2026-03-18 09:38:21.890,2026-03-18 09:38:21.890,"18e3e5db-cf20-4eba-a198-98109170c02b",,,,,,,,,
cmi8fy8ol00f5skgh7xzg7xfl,,,"1MMX533",,,,,,,AVAILABLE,2025-11-21 05:50:13.314,2025-11-21 05:50:13.314,"18e3e5db-cf20-4eba-a198-98109170c02b",,,,,,,,,
cmn0gg4r51kbuk42atgj8ip7j,,TIPPER,"2HGT849",,,,AGZ8664,,cmid6zfak0002lb02iytpltpq,AVAILABLE,2026-03-21 15:00:30.353,2026-03-21 15:00:30.353,,,,,,,,,,
"54690116-cb6e-4483-8857-a8e2f9b0a41d",,,"2DCT831",,,,,,,AVAILABLE,2026-03-18 09:38:21.890,2026-03-18 09:38:21.890,"18e3e5db-cf20-4eba-a198-98109170c02b",,,,,,,,,
dbfbcb84-d1ca-40d3-a658-936283752a49,,,"2BQL832",,,,,,,AVAILABLE,2026-03-18 09:38:21.890,2026-03-18 09:38:21.890,"18e3e5db-cf20-4eba-a198-98109170c02b",,,,,,,,,
cmi8fy8n500e7skghvnufpmx4,,,"2MLT534",,,,,,,AVAILABLE,2025-11-21 05:50:13.313,2025-11-21 05:50:13.313,"18e3e5db-cf20-4eba-a198-98109170c02b",,,,,,,,,
cmi8fy8lj00deskght8az52ed,,,"2PAZ502",,,,,,,AVAILABLE,2025-11-21 05:50:13.227,2025-11-21 05:50:13.227,"18e3e5db-cf20-4eba-a198-98109170c02b",,,,,,,,,
cmn0ghruc1keek42apvyb58wu,,TIPPER,"2HGT852",,,,AGZ8678,,cmid6zfak0002lb02iytpltpq,AVAILABLE,2026-03-21 15:01:46.932,2026-03-21 15:01:46.932,,,,,,,,,,
"1ee76f9c-0a3d-4cdf-b2de-ea5f077041c5",,TIPPER,"2MLT825",Shacman,Tipper,,AGL8027,LZGJLDT4XRX096430,cmmvyksxb0duwlr2ab9xee68b,AVAILABLE,2026-03-18 09:38:21.890,2026-03-18 13:38:41.425,"18e3e5db-cf20-4eba-a198-98109170c02b",,20.0,LITRES_PER_KM,2.2,,WALDEN,,,
cmi8fy8wo00jgskghe5v68j69,,,"2RAT710",,,,,,,AVAILABLE,2025-11-21 05:50:13.656,2025-11-21 05:50:13.656,"18e3e5db-cf20-4eba-a198-98109170c02b",,,,,,,,,
cmi8fy8pi00ffskgh3vr5fd51,,,"2UCT566",,,,,,,AVAILABLE,2025-11-21 05:50:13.398,2025-11-21 05:50:13.398,"18e3e5db-cf20-4eba-a198-98109170c02b",,,,,,,,,
cmi8fy8n400e1skghlqr61k73,,,"2PAT517",,,,,,,AVAILABLE,2025-11-21 05:50:13.312,2025-11-21 05:50:13.312,"18e3e5db-cf20-4eba-a198-98109170c02b",,,,,,,,,
cmi8fy88i005oskghodm2h0so,,,"2MLT211",,,,,,,AVAILABLE,2025-11-21 05:50:12.786,2025-11-21 05:50:12.786,"18e3e5db-cf20-4eba-a198-98109170c02b",,,,,,,,,
cmn0h83p11kylk42asdiucyqo,,TIPPER,"2HGT853",,,,AGZ8679,,cmid6zfak0002lb02iytpltpq,AVAILABLE,2026-03-21 15:22:15.349,2026-03-21 15:22:15.349,,,,,,,,,,
cmi8fy8n500ebskghlzj2zo3u,,,"2EGG515",,,,,,,AVAILABLE,2025-11-21 05:50:13.313,2025-11-21 05:50:13.313,"18e3e5db-cf20-4eba-a198-98109170c02b",,,,,,,,,
cmi8fy88i005rskghcx58quum,,,"2MLT212",,,,,,,AVAILABLE,2025-11-21 05:50:12.787,2025-11-21 05:50:12.787,"18e3e5db-cf20-4eba-a198-98109170c02b",,,,,,,,,
cmn0hf64x1l3gk42aemjm7cjb,,TIPPER,"2HGT858",,,,AHE1578,,cmid6zfak0002lb02iytpltpq,AVAILABLE,2026-03-21 15:27:45.105,2026-03-21 15:27:45.105,,,,,,,,,,
cmi8fy8so00hbskgh4rkl6ivn,,,"2MLT649",,,,,,,AVAILABLE,2025-11-21 05:50:13.489,2025-11-21 05:50:13.489,"18e3e5db-cf20-4eba-a198-98109170c02b",,,,,,,,,
cmi8fy8ny00erskghurg30a8b,,,"2BRS536",,,,,,,AVAILABLE,2025-11-21 05:50:13.314,2025-11-21 05:50:13.314,"18e3e5db-cf20-4eba-a198-98109170c02b",,,,,,,,,
cmn0hr5wv1l78k42a859hrrzz,,TIPPER,"2HGT857",,,,AGZ8656,,cmid6zfak0002lb02iytpltpq,AVAILABLE,2026-03-21 15:37:04.687,2026-03-21 15:37:04.687,,,,,,,,,,
cmi8fy8so00haskghni8b5uhb,,,"2MLT648",,,,,,,AVAILABLE,2025-11-21 05:50:13.489,2025-11-21 05:50:13.489,"18e3e5db-cf20-4eba-a198-98109170c02b",,,,,,,,,
cmi8fy8kq00cvskghcrf68i7a,,,"1MMX485",,,,,,,AVAILABLE,2025-11-21 05:50:13.226,2025-11-21 05:50:13.226,"18e3e5db-cf20-4eba-a198-98109170c02b",,,,,,,,,
cmi8fy812002nskghp3qhc4i9,,,"1MMP78",,,,,,,AVAILABLE,2025-11-21 05:50:12.463,2025-11-21 05:50:12.463,"18e3e5db-cf20-4eba-a198-98109170c02b",,,,,,,,,
cmi8fy8nx00epskghz66pm8c8,,,"2PAC537",,,,,,,AVAILABLE,2025-11-21 05:50:13.314,2025-11-21 05:50:13.314,"18e3e5db-cf20-4eba-a198-98109170c02b",,,,,,,,,
cmi8fy8lk00dfskghkmze4xk1,,,"2RAL503",,,,,,,AVAILABLE,2025-11-21 05:50:13.227,2025-11-21 05:50:13.227,"18e3e5db-cf20-4eba-a198-98109170c02b",,,,,,,,,
cmi8fy8kq00cuskghzgvhplu7,,,"2VES484",,,,,,,AVAILABLE,2025-11-21 05:50:13.226,2025-11-21 05:50:13.226,"18e3e5db-cf20-4eba-a198-98109170c02b",,,,,,,,,
cmi8fy8kp00crskghp1pj2qmf,,,"2KHT473",,,,,,,AVAILABLE,2025-11-21 05:50:13.226,2025-11-21 05:50:13.226,"18e3e5db-cf20-4eba-a198-98109170c02b",,,,,,,,,
cmi8fy8j500c4skghr51zvnmy,,,"3MMQ450",,,,,,,AVAILABLE,2025-11-21 05:50:13.138,2025-11-21 05:50:13.138,"18e3e5db-cf20-4eba-a198-98109170c02b",,,,,,,,,
cmi8fy8j300c0skgh9nborr9d,,,"3MMX442",,,,,,,AVAILABLE,2025-11-21 05:50:13.138,2025-11-21 05:50:13.138,"18e3e5db-cf20-4eba-a198-98109170c02b",,,,,,,,,
cmi8fy8gt00apskghaoc0tbt6,,,"3MMX405",,,,,,,AVAILABLE,2025-11-21 05:50:13.053,2025-11-21 05:50:13.053,"18e3e5db-cf20-4eba-a198-98109170c02b",,,,,,,,,
cmi8fy8fw00a8skghwtg88giu,,,"3MMX391",,,,,,,AVAILABLE,2025-11-21 05:50:13.053,2025-11-21 05:50:13.053,"18e3e5db-cf20-4eba-a198-98109170c02b",,,,,,,,,
cmi8fy8gt00amskgh0m60o4zx,,,"3MMX402",,,,,,,AVAILABLE,2025-11-21 05:50:13.053,2025-11-21 05:50:13.053,"18e3e5db-cf20-4eba-a198-98109170c02b",,,,,,,,,
cmi8fy8fw009vskghoqfdrjkm,,,"1MMX364",,,,,,,AVAILABLE,2025-11-21 05:50:13.052,2025-11-21 05:50:13.052,"18e3e5db-cf20-4eba-a198-98109170c02b",,,,,,,,,
cmi8fy8e40096skghbn8q6xpo,,,"2CCZ312",,,,,,,AVAILABLE,2025-11-21 05:50:12.960,2025-11-21 05:50:12.960,"18e3e5db-cf20-4eba-a198-98109170c02b",,,,,,,,,
cmi8fy8db008pskghybzv31m4,,,"2ATS335",,,,,,,AVAILABLE,2025-11-21 05:50:12.959,2025-11-21 05:50:12.959,"18e3e5db-cf20-4eba-a198-98109170c02b",,,,,,,,,
cmi8fy8bv007yskghgus1qdle,,,"2MLZ261",,,,,,,AVAILABLE,2025-11-21 05:50:12.875,2025-11-21 05:50:12.875,"18e3e5db-cf20-4eba-a198-98109170c02b",,,,,,,,,
cmi8fy8tf00hyskghth7v8w7u,,,"2SCB647",,,,,,,AVAILABLE,2025-11-21 05:50:13.489,2025-11-21 05:50:13.489,"18e3e5db-cf20-4eba-a198-98109170c02b",,,,,,,,,
cmn1ukn7w1yolk42agd5e99u3,,TIPPER,"2HGT855",,,,AGZ8681,,cmid6zfak0002lb02iytpltpq,AVAILABLE,2026-03-22 14:23:41.708,2026-03-22 14:23:41.708,,,,,,,,,,
cmi8fy8o200f0skghdox5mov0,,,"2RAL526",,,,,,,AVAILABLE,2025-11-21 05:50:13.314,2025-11-21 05:50:13.314,"18e3e5db-cf20-4eba-a198-98109170c02b",,,,,,,,,
cmi8fy8sv00hjskghrm203218,,,"2CMJ651",,,,,,,AVAILABLE,2025-11-21 05:50:13.489,2025-11-21 05:50:13.489,"18e3e5db-cf20-4eba-a198-98109170c02b",,,,,,,,,
cmi8fy8rz00gsskghb1xw7hmc,,,"1MMM616",,,,,,,AVAILABLE,2025-11-21 05:50:13.487,2025-11-21 05:50:13.487,"18e3e5db-cf20-4eba-a198-98109170c02b",,,,,,,,,
cmi8fy8nw00emskghyh3muuj0,,,"2RAT524",,,,,,,AVAILABLE,2025-11-21 05:50:13.314,2025-11-21 05:50:13.314,"18e3e5db-cf20-4eba-a198-98109170c02b",,,,,,,,,
cmi8fy8n500efskghrb76d46g,,,"2KHT544",,,,,,,AVAILABLE,2025-11-21 05:50:13.313,2025-11-21 05:50:13.313,"18e3e5db-cf20-4eba-a198-98109170c02b",,,,,,,,,
cmmw6cq810hy6lr2axty8k5z5,,TIPPER,"2HGT791",,,,AGZ6652,,cmid6zfak0002lb02iytpltpq,AVAILABLE,2026-03-18 15:06:50.689,2026-03-18 15:06:50.689,,,,,,,,,,
cmi8fy8vt00jcskghjh1v7ri3,,,"2SCB677",,,,,,,AVAILABLE,2025-11-21 05:50:13.572,2025-11-21 05:50:13.572,"18e3e5db-cf20-4eba-a198-98109170c02b",,,,,,,,,
cmi8fy8v800j3skgh30fnrpfe,,,"2MUT676",,,,,,,AVAILABLE,2025-11-21 05:50:13.572,2025-11-21 05:50:13.572,"18e3e5db-cf20-4eba-a198-98109170c02b",,,,,,,,,
cmi8fy8ub00ilskghr0l1i5xm,,,"2HGT697",,,,,,,AVAILABLE,2025-11-21 05:50:13.572,2025-11-21 05:50:13.572,"18e3e5db-cf20-4eba-a198-98109170c02b",,,,,,,,,
cmi8fy8v200isskghxtte401b,,,"2MUT675",,,,,,,AVAILABLE,2025-11-21 05:50:13.572,2025-11-21 05:50:13.572,"18e3e5db-cf20-4eba-a198-98109170c02b",,,,,,,,,
cmi8fy8n500e8skgh0crkc3mi,,,"2BRS511",,,,,,,AVAILABLE,2025-11-21 05:50:13.313,2025-11-21 05:50:13.313,"18e3e5db-cf20-4eba-a198-98109170c02b",,,,,,,,,
cmi8fy8ub00i6skghzm6nhs2d,,,"2HGT668",,,,,,,AVAILABLE,2025-11-21 05:50:13.571,2025-11-21 05:50:13.571,"18e3e5db-cf20-4eba-a198-98109170c02b",,,,,,,,,
cmi8fy8s000h7skghlsnjtim9,,,"2KTT644",,,,,,,AVAILABLE,2025-11-21 05:50:13.489,2025-11-21 05:50:13.489,"18e3e5db-cf20-4eba-a198-98109170c02b",,,,,,,,,
cmi8fy8qa00fwskgh0rh8l9j0,,,"2RAZ572",,,,,,,AVAILABLE,2025-11-21 05:50:13.399,2025-11-21 05:50:13.399,"18e3e5db-cf20-4eba-a198-98109170c02b",,,,,,,,,
cmi8fy8qc00g0skghhpwszdfn,,,"2PAT598",,,,,,,AVAILABLE,2025-11-21 05:50:13.399,2025-11-21 05:50:13.399,"18e3e5db-cf20-4eba-a198-98109170c02b",,,,,,,,,
cmi8fy8pj00frskghajeoen6m,,,"2RAT570",,,,,,,AVAILABLE,2025-11-21 05:50:13.399,2025-11-21 05:50:13.399,"18e3e5db-cf20-4eba-a198-98109170c02b",,,,,,,,,
cmi8fy8r300ghskghvacxwg85,,,"1MMM607",,,,,,,AVAILABLE,2025-11-21 05:50:13.399,2025-11-21 05:50:13.399,"18e3e5db-cf20-4eba-a198-98109170c02b",,,,,,,,,
cmi8fy8n500egskghzy96n6ts,,,"2MLS545",,,,,,,AVAILABLE,2025-11-21 05:50:13.313,2025-11-21 05:50:13.313,"18e3e5db-cf20-4eba-a198-98109170c02b",,,,,,,,,
cmi8fy8j500c6skghg5iuin6v,,,"3MMQ455",,,,,,,AVAILABLE,2025-11-21 05:50:13.138,2025-11-21 05:50:13.138,"18e3e5db-cf20-4eba-a198-98109170c02b",,,,,,,,,
cmi8fy8kq00d0skghirtw2us1,,,"2KHT491",,,,,,,AVAILABLE,2025-11-21 05:50:13.227,2025-11-21 05:50:13.227,"18e3e5db-cf20-4eba-a198-98109170c02b",,,,,,,,,
cmi8fy8i900bhskghkvxui0bz,,,"3MMX439",,,,,,,AVAILABLE,2025-11-21 05:50:13.137,2025-11-21 05:50:13.137,"18e3e5db-cf20-4eba-a198-98109170c02b",,,,,,,,,
cmi8fy8ll00dkskghcc5d864h,,,"1MMX478",,,,,,,AVAILABLE,2025-11-21 05:50:13.227,2025-11-21 05:50:13.227,"18e3e5db-cf20-4eba-a198-98109170c02b",,,,,,,,,
cmi8fy8i900bjskgh85n2sgau,,,"3MMX437",,,,,,,AVAILABLE,2025-11-21 05:50:13.137,2025-11-21 05:50:13.137,"18e3e5db-cf20-4eba-a198-98109170c02b",,,,,,,,,
cmi8fy8fw00a6skghgeexjgh1,,,"2CCL381",,,,,,,AVAILABLE,2025-11-21 05:50:13.053,2025-11-21 05:50:13.053,"18e3e5db-cf20-4eba-a198-98109170c02b",,,,,,,,,
cmi8fy80e002askghrx1x062e,,,"2BDT95",,,,,,,AVAILABLE,2025-11-21 05:50:12.463,2025-11-21 05:50:12.463,"18e3e5db-cf20-4eba-a198-98109170c02b",,,,,,,,,
cmi8fy8so00hcskgh8flwy7ux,,,"1MMM618",,,,,,,AVAILABLE,2025-11-21 05:50:13.489,2025-11-21 05:50:13.489,"18e3e5db-cf20-4eba-a198-98109170c02b",,,,,,,,,
cmi8fy8pi00fdskghx2sggw7x,,,"2MLZ563",,,,,,,AVAILABLE,2025-11-21 05:50:13.398,2025-11-21 05:50:13.398,"18e3e5db-cf20-4eba-a198-98109170c02b",,,,,,,,,
cmi8fy8o100esskghbrhkhli6,,,"2PAL553",,,,,,,AVAILABLE,2025-11-21 05:50:13.314,2025-11-21 05:50:13.314,"18e3e5db-cf20-4eba-a198-98109170c02b",,,,,,,,,
cmi8fy8sv00hiskghvj3082y1,,,"2MLN653",,,,,,,AVAILABLE,2025-11-21 05:50:13.489,2025-11-21 05:50:13.489,"18e3e5db-cf20-4eba-a198-98109170c02b",,,,,,,,,
cmi8fy8v700izskghn5a37diu,,,"2HGT706",,,,,,,AVAILABLE,2025-11-21 05:50:13.572,2025-11-21 05:50:13.572,"18e3e5db-cf20-4eba-a198-98109170c02b",,,,,,,,,
cmi8fy8s000h1skghnmhm1031,,,"1MMM617",,,,,,,AVAILABLE,2025-11-21 05:50:13.488,2025-11-21 05:50:13.488,"18e3e5db-cf20-4eba-a198-98109170c02b",,,,,,,,,
cmi8fy8s000h6skghxfnnw63n,,,"2KTT643",,,,,,,AVAILABLE,2025-11-21 05:50:13.488,2025-11-21 05:50:13.488,"18e3e5db-cf20-4eba-a198-98109170c02b",,,,,,,,,
cmi8fy8v800j5skghjy7c0t93,,,"2HGT667",,,,,,,AVAILABLE,2025-11-21 05:50:13.572,2025-11-21 05:50:13.572,"18e3e5db-cf20-4eba-a198-98109170c02b",,,,,,,,,
cmi8fy8qc00g4skghu2oz46py,,,"2CMT599",,,,,,,AVAILABLE,2025-11-21 05:50:13.399,2025-11-21 05:50:13.399,"18e3e5db-cf20-4eba-a198-98109170c02b",,,,,,,,,
cmi8fy8qc00gdskghzl5p8bqg,,,"2RUT604",,,,,,,AVAILABLE,2025-11-21 05:50:13.399,2025-11-21 05:50:13.399,"18e3e5db-cf20-4eba-a198-98109170c02b",,,,,,,,,
cmi8fy8nw00enskgh4t455z50,,,"2SCB551",,,,,,,AVAILABLE,2025-11-21 05:50:13.314,2025-11-21 05:50:13.314,"18e3e5db-cf20-4eba-a198-98109170c02b",,,,,,,,,
cmi8fy8qc00g3skgh29c1a9tl,,,"2KCT589",,,,,,,AVAILABLE,2025-11-21 05:50:13.399,2025-11-21 05:50:13.399,"18e3e5db-cf20-4eba-a198-98109170c02b",,,,,,,,,
cmi8fy8pi00fqskgh9izlgq2p,,,"2PAZ594",,,,,,,AVAILABLE,2025-11-21 05:50:13.399,2025-11-21 05:50:13.399,"18e3e5db-cf20-4eba-a198-98109170c02b",,,,,,,,,
cmi8fy8lg00d5skghaxs5imef,,,"2MLS497",,,,,,,AVAILABLE,2025-11-21 05:50:13.227,2025-11-21 05:50:13.227,"18e3e5db-cf20-4eba-a198-98109170c02b",,,,,,,,,
cmi8fy8j100bwskghhzpjokmp,,,"3MMQ447",,,,,,,AVAILABLE,2025-11-21 05:50:13.138,2025-11-21 05:50:13.138,"18e3e5db-cf20-4eba-a198-98109170c02b",,,,,,,,,
cmi8fy8m700dqskghflcvuc8x,,,"2KPT480",,,,,,,AVAILABLE,2025-11-21 05:50:13.227,2025-11-21 05:50:13.227,"18e3e5db-cf20-4eba-a198-98109170c02b",,,,,,,,,
cmi8fy8n500ecskghrbfal02j,,,"2EGH540",,,,,,,AVAILABLE,2025-11-21 05:50:13.313,2025-11-21 05:50:13.313,"18e3e5db-cf20-4eba-a198-98109170c02b",,,,,,,,,
cmi8fy8kp00cjskgh3g2wv3si,,,"3MMQ458",,,,,,,AVAILABLE,2025-11-21 05:50:13.226,2025-11-21 05:50:13.226,"18e3e5db-cf20-4eba-a198-98109170c02b",,,,,,,,,
cmi8fy8o200ewskghq28vaqi3,,,"2RAL525",,,,,,,AVAILABLE,2025-11-21 05:50:13.314,2025-11-21 05:50:13.314,"18e3e5db-cf20-4eba-a198-98109170c02b",,,,,,,,,
cmi8fy8jw00cgskgh3uarvaiq,,,"3MMX417",,,,,,,AVAILABLE,2025-11-21 05:50:13.138,2025-11-21 05:50:13.138,"18e3e5db-cf20-4eba-a198-98109170c02b",,,,,,,,,
cmi8fy8gr00akskghpdg3yd1e,,,"1MMP377",,,,,,,AVAILABLE,2025-11-21 05:50:13.053,2025-11-21 05:50:13.053,"18e3e5db-cf20-4eba-a198-98109170c02b",,,,,,,,,
cmi8fy8kr00d2skgh33tkl4lm,,,"2TIL488",,,,,,,AVAILABLE,2025-11-21 05:50:13.227,2025-11-21 05:50:13.227,"18e3e5db-cf20-4eba-a198-98109170c02b",,,,,,,,,
cmi8fy8gu00aqskgh2v2lfaib,,,"2GCT382",,,,,,,AVAILABLE,2025-11-21 05:50:13.053,2025-11-21 05:50:13.053,"18e3e5db-cf20-4eba-a198-98109170c02b",,,,,,,,,
cmi8fy8j300bzskgh0zi1ceaa,,,"3MMQ448",,,,,,,AVAILABLE,2025-11-21 05:50:13.138,2025-11-21 05:50:13.138,"18e3e5db-cf20-4eba-a198-98109170c02b",,,,,,,,,
cmi8fy8ll00dhskghqmpndov9,,,"2PAT504",,,,,,,AVAILABLE,2025-11-21 05:50:13.227,2025-11-21 05:50:13.227,"18e3e5db-cf20-4eba-a198-98109170c02b",,,,,,,,,
cmi8fy8i900bnskgha3j3g277,,,"3MMX432",,,,,,,AVAILABLE,2025-11-21 05:50:13.138,2025-11-21 05:50:13.138,"18e3e5db-cf20-4eba-a198-98109170c02b",,,,,,,,,
cmi8fy8db008sskgh4aiv58k1,,,"2EGH337",,,,,,,AVAILABLE,2025-11-21 05:50:12.960,2025-11-21 05:50:12.960,"18e3e5db-cf20-4eba-a198-98109170c02b",,,,,,,,,
cmi8fy8ex009kskgho3t4928o,,,"1MMM313",,,,,,,AVAILABLE,2025-11-21 05:50:12.960,2025-11-21 05:50:12.960,"18e3e5db-cf20-4eba-a198-98109170c02b",,,,,,,,,
cmi8fy8bv007xskghz89i6bsl,,,"1MMM300",,,,,,,AVAILABLE,2025-11-21 05:50:12.875,2025-11-21 05:50:12.875,"18e3e5db-cf20-4eba-a198-98109170c02b",,,,,,,,,
cmi8fy8fw00a9skghrydcnzfv,,,"3MMX390",,,,,,,AVAILABLE,2025-11-21 05:50:13.053,2025-11-21 05:50:13.053,"18e3e5db-cf20-4eba-a198-98109170c02b",,,,,,,,,
cmi8fy8fw00a0skghwczydq52,,,"1MMM380",,,,,,,AVAILABLE,2025-11-21 05:50:13.052,2025-11-21 05:50:13.052,"18e3e5db-cf20-4eba-a198-98109170c02b",,,,,,,,,
cmi8fy8e40090skgh5vvsfism,,,"2MLJ327",,,,,,,AVAILABLE,2025-11-21 05:50:12.960,2025-11-21 05:50:12.960,"18e3e5db-cf20-4eba-a198-98109170c02b",,,,,,,,,
cmi8fy88i005tskghhdi8hghl,,,"2PAD210",,,,,,,AVAILABLE,2025-11-21 05:50:12.787,2025-11-21 05:50:12.787,"18e3e5db-cf20-4eba-a198-98109170c02b",,,,,,,,,
cmi8fy8ay007iskghr6n9s6s7,,,"1MMM267",,,,,,,AVAILABLE,2025-11-21 05:50:12.874,2025-11-21 05:50:12.874,"18e3e5db-cf20-4eba-a198-98109170c02b",,,,,,,,,
cmi8fy8db008lskghy8r9zsgy,,,"2TIT326",,,,,,,AVAILABLE,2025-11-21 05:50:12.959,2025-11-21 05:50:12.959,"18e3e5db-cf20-4eba-a198-98109170c02b",,,,,,,,,
cmi8fy8dc008vskghwwrd8jga,,,"2BDT308",,,,,,,AVAILABLE,2025-11-21 05:50:12.959,2025-11-21 05:50:12.959,"18e3e5db-cf20-4eba-a198-98109170c02b",,,,,,,,,
cmi8fy8e5009gskghctxc33s6,,,"2LLT354",,,,,,,AVAILABLE,2025-11-21 05:50:12.960,2025-11-21 05:50:12.960,"18e3e5db-cf20-4eba-a198-98109170c02b",,,,,,,,,
cmi8fy89e006gskghrm45b6pz,,,"2EST243",,,,,,,AVAILABLE,2025-11-21 05:50:12.787,2025-11-21 05:50:12.787,"18e3e5db-cf20-4eba-a198-98109170c02b",,,,,,,,,
cmi8fy8e50097skghpj9mmgqj,,,"2AAT348",,,,,,,AVAILABLE,2025-11-21 05:50:12.960,2025-11-21 05:50:12.960,"18e3e5db-cf20-4eba-a198-98109170c02b",,,,,,,,,
cmi8fy8ax007askghiahfbjwk,,,"1MMM278",,,,,,,AVAILABLE,2025-11-21 05:50:12.874,2025-11-21 05:50:12.874,"18e3e5db-cf20-4eba-a198-98109170c02b",,,,,,,,,
cmi8fy88i005vskgh2zjfgy08,,,"1MMP226",,,,,,,AVAILABLE,2025-11-21 05:50:12.787,2025-11-21 05:50:12.787,"18e3e5db-cf20-4eba-a198-98109170c02b",,,,,,,,,
cmi8fy82x003kskgh5z8wb2e3,,,"2MLD149",,,,,,,AVAILABLE,2025-11-21 05:50:12.554,2025-11-21 05:50:12.554,"18e3e5db-cf20-4eba-a198-98109170c02b",,,,,,,,,
cmi8fy85y004lskgh2zux1hdu,,,"2SOJ171",,,,,,,AVAILABLE,2025-11-21 05:50:12.694,2025-11-21 05:50:12.694,"18e3e5db-cf20-4eba-a198-98109170c02b",,,,,,,,,
cmi8fy89b006dskghkgge6ux3,,,"2CRB221",,,,,,,AVAILABLE,2025-11-21 05:50:12.787,2025-11-21 05:50:12.787,"18e3e5db-cf20-4eba-a198-98109170c02b",,,,,,,,,
cmi8fy86t0058skgh60sgwqqi,,,"2SOL174",,,,,,,AVAILABLE,2025-11-21 05:50:12.694,2025-11-21 05:50:12.694,"18e3e5db-cf20-4eba-a198-98109170c02b",,,,,,,,,
cmi8fy820002sskgh8jx53r70,,,"2CCS103",,,,,,,AVAILABLE,2025-11-21 05:50:12.552,2025-11-21 05:50:12.552,"18e3e5db-cf20-4eba-a198-98109170c02b",,,,,,,,,
cmi8fy86t0059skghue15fkk4,,,"2EST197",,,,,,,AVAILABLE,2025-11-21 05:50:12.694,2025-11-21 05:50:12.694,"18e3e5db-cf20-4eba-a198-98109170c02b",,,,,,,,,
cmi8fy85y004oskgh3fohr9k3,,,"2SOL173",,,,,,,AVAILABLE,2025-11-21 05:50:12.694,2025-11-21 05:50:12.694,"18e3e5db-cf20-4eba-a198-98109170c02b",,,,,,,,,
cmi8fy82p003dskghb0vxsmze,,,"2EMZ142",,,,,,,AVAILABLE,2025-11-21 05:50:12.554,2025-11-21 05:50:12.554,"18e3e5db-cf20-4eba-a198-98109170c02b",,,,,,,,,
cmi8fy820002xskgh1p9833t6,,,"2DBT104",,,,,,,AVAILABLE,2025-11-21 05:50:12.552,2025-11-21 05:50:12.552,"18e3e5db-cf20-4eba-a198-98109170c02b",,,,,,,,,
cmi8fy83f0040skghtao0fpl7,,,"2EGT125",,,,,,,AVAILABLE,2025-11-21 05:50:12.554,2025-11-21 05:50:12.554,"18e3e5db-cf20-4eba-a198-98109170c02b",,,,,,,,,
cmi8fy816002qskghins8cbwc,,,"1MMP77",,,,,,,AVAILABLE,2025-11-21 05:50:12.463,2025-11-21 05:50:12.463,"18e3e5db-cf20-4eba-a198-98109170c02b",,,,,,,,,
cmn1uoyn61z83k42aobnjhuo9,,TIPPER,"2HGT755",,,,AGZ8681,,cmid6zfak0002lb02iytpltpq,AVAILABLE,2026-03-22 14:27:03.138,2026-03-22 14:27:03.138,,,,,,,,,,
cmi8fy812002pskghz87crs70,,,"1MMX65",,,,,,,AVAILABLE,2025-11-21 05:50:12.463,2025-11-21 05:50:12.463,"18e3e5db-cf20-4eba-a198-98109170c02b",,,,,,,,,
cmi8fy8sv00hmskghujd3qk7r,,,"2BST627",,,,,,,AVAILABLE,2025-11-21 05:50:13.489,2025-11-21 05:50:13.489,"18e3e5db-cf20-4eba-a198-98109170c02b",,,,,,,,,
cmi8fy812002oskgh53s9wgfc,,,"2CCS101",,,,,,,AVAILABLE,2025-11-21 05:50:12.463,2025-11-21 05:50:12.463,"18e3e5db-cf20-4eba-a198-98109170c02b",,,,,,,,,
cmi8fy8s000h8skghke3qv6lz,,,"2MCT646",,,,,,,AVAILABLE,2025-11-21 05:50:13.489,2025-11-21 05:50:13.489,"18e3e5db-cf20-4eba-a198-98109170c02b",,,,,,,,,
cmi8fy8uc00imskgh9hsnhxh2,,,"2FQT680",,,,,,,AVAILABLE,2025-11-21 05:50:13.572,2025-11-21 05:50:13.572,"18e3e5db-cf20-4eba-a198-98109170c02b",,,,,,,,,
cmi8fy8ub00ibskgh3qxpqyuj,,,"2TMT682",,,,,,,AVAILABLE,2025-11-21 05:50:13.571,2025-11-21 05:50:13.571,"18e3e5db-cf20-4eba-a198-98109170c02b",,,,,,,,,
cmi8fy8pj00fuskghjxwhqsx4,,,"2UCT564",,,,,,,AVAILABLE,2025-11-21 05:50:13.399,2025-11-21 05:50:13.399,"18e3e5db-cf20-4eba-a198-98109170c02b",,,,,,,,,
cmi8fy8ub00ikskgh0xvii553,,,"2UGT694",,,,,,,AVAILABLE,2025-11-21 05:50:13.572,2025-11-21 05:50:13.572,"18e3e5db-cf20-4eba-a198-98109170c02b",,,,,,,,,
cmi8fy8ua00i5skghffxykkcd,,,"2HGT665",,,,,,,AVAILABLE,2025-11-21 05:50:13.571,2025-11-21 05:50:13.571,"18e3e5db-cf20-4eba-a198-98109170c02b",,,,,,,,,
cmi8fy8tf00hxskghqw9rt0ja,,,"1MMM615",,,,,,,AVAILABLE,2025-11-21 05:50:13.489,2025-11-21 05:50:13.489,"18e3e5db-cf20-4eba-a198-98109170c02b",,,,,,,,,
cmi8fy8ub00ijskgh5dabv5b9,,,"2HGT696",,,,,,,AVAILABLE,2025-11-21 05:50:13.572,2025-11-21 05:50:13.572,"18e3e5db-cf20-4eba-a198-98109170c02b",,,,,,,,,
cmi8fy8s000gyskghwy1kt16g,,,"2MMP635",,,,,,,AVAILABLE,2025-11-21 05:50:13.488,2025-11-21 05:50:13.488,"18e3e5db-cf20-4eba-a198-98109170c02b",,,,,,,,,
cmi8fy8vu00jeskghw4zztw71,,,"2TMT684",,,,,,,AVAILABLE,2025-11-21 05:50:13.572,2025-11-21 05:50:13.572,"18e3e5db-cf20-4eba-a198-98109170c02b",,,,,,,,,
cmi8fy8qc00g6skghhfj4p4oe,,,"2CMT600",,,,,,,AVAILABLE,2025-11-21 05:50:13.399,2025-11-21 05:50:13.399,"18e3e5db-cf20-4eba-a198-98109170c02b",,,,,,,,,
cmi8fy8ol00f6skghnt8mzqdx,,,"2LRT520",,,,,,,AVAILABLE,2025-11-21 05:50:13.314,2025-11-21 05:50:13.314,"18e3e5db-cf20-4eba-a198-98109170c02b",,,,,,,,,
cmi8fy8o200ezskghqr8a3kfw,,,"2RAT538",,,,,,,AVAILABLE,2025-11-21 05:50:13.314,2025-11-21 05:50:13.314,"18e3e5db-cf20-4eba-a198-98109170c02b",,,,,,,,,
cmi8fy8rz00gtskghkvao8gs3,,,"1MMY620",,,,,,,AVAILABLE,2025-11-21 05:50:13.488,2025-11-21 05:50:13.488,"18e3e5db-cf20-4eba-a198-98109170c02b",,,,,,,,,
cmi8fy8qc00gaskgh504rrn2w,,,"2RUT603",,,,,,,AVAILABLE,2025-11-21 05:50:13.399,2025-11-21 05:50:13.399,"18e3e5db-cf20-4eba-a198-98109170c02b",,,,,,,,,
cmi8fy8n400dwskghwtpgy1y0,,,"2JSP508",,,,,,,AVAILABLE,2025-11-21 05:50:13.312,2025-11-21 05:50:13.312,"18e3e5db-cf20-4eba-a198-98109170c02b",,,,,,,,,
cmi8fy8kq00cxskghab5xw31h,,,"1MMY494",,,,,,,AVAILABLE,2025-11-21 05:50:13.227,2025-11-21 05:50:13.227,"18e3e5db-cf20-4eba-a198-98109170c02b",,,,,,,,,
cmi8fy8j200bxskghtbjgn2eq,,,"3MMX433",,,,,,,AVAILABLE,2025-11-21 05:50:13.138,2025-11-21 05:50:13.138,"18e3e5db-cf20-4eba-a198-98109170c02b",,,,,,,,,
cmi8fy8oj00f2skghf6vl4y2v,,,"2PAT516",,,,,,,AVAILABLE,2025-11-21 05:50:13.314,2025-11-21 05:50:13.314,"18e3e5db-cf20-4eba-a198-98109170c02b",,,,,,,,,
cmi8fy8lj00dcskght7ixhpzb,,,"2RAL499",,,,,,,AVAILABLE,2025-11-21 05:50:13.227,2025-11-21 05:50:13.227,"18e3e5db-cf20-4eba-a198-98109170c02b",,,,,,,,,
cmi8fy8ma00duskgh9w75cctl,,,"2DST469",,,,,,,AVAILABLE,2025-11-21 05:50:13.227,2025-11-21 05:50:13.227,"18e3e5db-cf20-4eba-a198-98109170c02b",,,,,,,,,
cmi8fy8hf00azskgh9hkfkgcc,,,"1MMX365",,,,,,,AVAILABLE,2025-11-21 05:50:13.053,2025-11-21 05:50:13.053,"18e3e5db-cf20-4eba-a198-98109170c02b",,,,,,,,,
cmi8fy8j300byskghymlag0y0,,,"3MMQ449",,,,,,,AVAILABLE,2025-11-21 05:50:13.138,2025-11-21 05:50:13.138,"18e3e5db-cf20-4eba-a198-98109170c02b",,,,,,,,,
cmi8fy8kq00d1skghuzzzo257,,,"2WTP463",,,,,,,AVAILABLE,2025-11-21 05:50:13.227,2025-11-21 05:50:13.227,"18e3e5db-cf20-4eba-a198-98109170c02b",,,,,,,,,
cmi8fy8e50098skgh4j1skp4i,,,"2CCS349",,,,,,,AVAILABLE,2025-11-21 05:50:12.960,2025-11-21 05:50:12.960,"18e3e5db-cf20-4eba-a198-98109170c02b",,,,,,,,,
cmi8fy8fw00a3skgh174mzi85,,,"1MMM376",,,,,,,AVAILABLE,2025-11-21 05:50:13.052,2025-11-21 05:50:13.052,"18e3e5db-cf20-4eba-a198-98109170c02b",,,,,,,,,
cmi8fy8ll00dgskghjtft79m3,,,"2CRB475",,,,,,,AVAILABLE,2025-11-21 05:50:13.227,2025-11-21 05:50:13.227,"18e3e5db-cf20-4eba-a198-98109170c02b",,,,,,,,,
cmi8fy8gt00anskgh9ntts9we,,,"3MMX403",,,,,,,AVAILABLE,2025-11-21 05:50:13.053,2025-11-21 05:50:13.053,"18e3e5db-cf20-4eba-a198-98109170c02b",,,,,,,,,
cmi8fy8i800b8skghkequ3vrn,,,"3MMX410",,,,,,,AVAILABLE,2025-11-21 05:50:13.137,2025-11-21 05:50:13.137,"18e3e5db-cf20-4eba-a198-98109170c02b",,,,,,,,,
cmi8fy8fv009qskgh2hil8ffr,,,"2TLF358",,,,,,,AVAILABLE,2025-11-21 05:50:13.052,2025-11-21 05:50:13.052,"18e3e5db-cf20-4eba-a198-98109170c02b",,,,,,,,,
cmi8fy8f2009pskgh236zxspw,,,"2CCS321",,,,,,,AVAILABLE,2025-11-21 05:50:12.960,2025-11-21 05:50:12.960,"18e3e5db-cf20-4eba-a198-98109170c02b",,,,,,,,,
cmi8fy8e40091skght6tr1kqt,,,"2KCT345",,,,,,,AVAILABLE,2025-11-21 05:50:12.960,2025-11-21 05:50:12.960,"18e3e5db-cf20-4eba-a198-98109170c02b",,,,,,,,,
cmi8fy8da008hskghlra0jfav,,,"1MMM316",,,,,,,AVAILABLE,2025-11-21 05:50:12.959,2025-11-21 05:50:12.959,"18e3e5db-cf20-4eba-a198-98109170c02b",,,,,,,,,
cmi8fy8ax006yskghsn7cxpsg,,,"2PAT255",,,,,,,AVAILABLE,2025-11-21 05:50:12.873,2025-11-21 05:50:12.873,"18e3e5db-cf20-4eba-a198-98109170c02b",,,,,,,,,
cmi8fy8da008fskghtxxnp95x,,,"1MMM314",,,,,,,AVAILABLE,2025-11-21 05:50:12.959,2025-11-21 05:50:12.959,"18e3e5db-cf20-4eba-a198-98109170c02b",,,,,,,,,
cmi8fy8db008tskghct5sk8c9,,,"2BRI339",,,,,,,AVAILABLE,2025-11-21 05:50:12.960,2025-11-21 05:50:12.960,"18e3e5db-cf20-4eba-a198-98109170c02b",,,,,,,,,
cmi8fy86o004wskght5hrdbj7,,,"2TLF184",,,,,,,AVAILABLE,2025-11-21 05:50:12.694,2025-11-21 05:50:12.694,"18e3e5db-cf20-4eba-a198-98109170c02b",,,,,,,,,
cmi8fy8bm007jskgh23r59gnt,,,"2MLO260",,,,,,,AVAILABLE,2025-11-21 05:50:12.875,2025-11-21 05:50:12.875,"18e3e5db-cf20-4eba-a198-98109170c02b",,,,,,,,,
cmi8fy8e40092skghygjpwcrp,,,"2MLD331",,,,,,,AVAILABLE,2025-11-21 05:50:12.960,2025-11-21 05:50:12.960,"18e3e5db-cf20-4eba-a198-98109170c02b",,,,,,,,,
cmi8fy8bo007nskghs13u1o03,,,"1MMM285",,,,,,,AVAILABLE,2025-11-21 05:50:12.875,2025-11-21 05:50:12.875,"18e3e5db-cf20-4eba-a198-98109170c02b",,,,,,,,,
cmi8fy8bv0080skghq018eihx,,,"1MMM301",,,,,,,AVAILABLE,2025-11-21 05:50:12.875,2025-11-21 05:50:12.875,"18e3e5db-cf20-4eba-a198-98109170c02b",,,,,,,,,
cmi8fy8bs007tskghytzwg71s,,,"1MMM297",,,,,,,AVAILABLE,2025-11-21 05:50:12.875,2025-11-21 05:50:12.875,"18e3e5db-cf20-4eba-a198-98109170c02b",,,,,,,,,
cmi8fy8ax007cskgh3fvjsfdx,,,"1MMM282",,,,,,,AVAILABLE,2025-11-21 05:50:12.874,2025-11-21 05:50:12.874,"18e3e5db-cf20-4eba-a198-98109170c02b",,,,,,,,,
cmi8fy8cd0086skgh5vqgx9i2,,,"1MMM299",,,,,,,AVAILABLE,2025-11-21 05:50:12.875,2025-11-21 05:50:12.875,"18e3e5db-cf20-4eba-a198-98109170c02b",,,,,,,,,
cmi8fy88j0063skghbjawxiw4,,,"2MLS220",,,,,,,AVAILABLE,2025-11-21 05:50:12.787,2025-11-21 05:50:12.787,"18e3e5db-cf20-4eba-a198-98109170c02b",,,,,,,,,
cmi8fy898006askghgo0fckfe,,,"1MMP224",,,,,,,AVAILABLE,2025-11-21 05:50:12.787,2025-11-21 05:50:12.787,"18e3e5db-cf20-4eba-a198-98109170c02b",,,,,,,,,
cmi8fy8a1006vskghsfcxfc2r,,,"2PAT254",,,,,,,AVAILABLE,2025-11-21 05:50:12.787,2025-11-21 05:50:12.787,"18e3e5db-cf20-4eba-a198-98109170c02b",,,,,,,,,
cmi8fy86o004vskgh9yhvxbq2,,,"2WTP189",,,,,,,AVAILABLE,2025-11-21 05:50:12.694,2025-11-21 05:50:12.694,"18e3e5db-cf20-4eba-a198-98109170c02b",,,,,,,,,
cmi8fy85x004cskghia2jt4zl,,,"2PAZ163",,,,,,,AVAILABLE,2025-11-21 05:50:12.693,2025-11-21 05:50:12.693,"18e3e5db-cf20-4eba-a198-98109170c02b",,,,,,,,,
cmi8fy87g005fskghlvlebeid,,,"2MLS203",,,,,,,AVAILABLE,2025-11-21 05:50:12.694,2025-11-21 05:50:12.694,"18e3e5db-cf20-4eba-a198-98109170c02b",,,,,,,,,
cmi8fy89e006iskghfmijfssh,,,"1MMP225",,,,,,,AVAILABLE,2025-11-21 05:50:12.787,2025-11-21 05:50:12.787,"18e3e5db-cf20-4eba-a198-98109170c02b",,,,,,,,,
cmi8fy82p003eskghtftc42l5,,,"2EGL141",,,,,,,AVAILABLE,2025-11-21 05:50:12.554,2025-11-21 05:50:12.554,"18e3e5db-cf20-4eba-a198-98109170c02b",,,,,,,,,
cmi8fy83g0041skghzpzst6rr,,,"2EST117",,,,,,,AVAILABLE,2025-11-21 05:50:12.554,2025-11-21 05:50:12.554,"18e3e5db-cf20-4eba-a198-98109170c02b",,,,,,,,,
cmi8fy85w0049skghfff5x2r7,,,"2MLL158",,,,,,,AVAILABLE,2025-11-21 05:50:12.693,2025-11-21 05:50:12.693,"18e3e5db-cf20-4eba-a198-98109170c02b",,,,,,,,,
cmi8fy8vq00jaskghuplnyhqo,,,"2MLZ663",,,,,,,AVAILABLE,2025-11-21 05:50:13.572,2025-11-21 05:50:13.572,"18e3e5db-cf20-4eba-a198-98109170c02b",,,,,,,,,
cmi8fy8v200itskghk6nlom7a,,,"2TMT686",,,,,,,AVAILABLE,2025-11-21 05:50:13.572,2025-11-21 05:50:13.572,"18e3e5db-cf20-4eba-a198-98109170c02b",,,,,,,,,
cmi8fy8v100iqskghdbh0z5g4,,,"2TMT683",,,,,,,AVAILABLE,2025-11-21 05:50:13.572,2025-11-21 05:50:13.572,"18e3e5db-cf20-4eba-a198-98109170c02b",,,,,,,,,
cmi8fy8sq00hdskghhjllp719,,,"2UCZ626",,,,,,,AVAILABLE,2025-11-21 05:50:13.489,2025-11-21 05:50:13.489,"18e3e5db-cf20-4eba-a198-98109170c02b",,,,,,,,,
cmi8fy8r300gkskgh9nc6s82q,,,"1MMM609",,,,,,,AVAILABLE,2025-11-21 05:50:13.400,2025-11-21 05:50:13.400,"18e3e5db-cf20-4eba-a198-98109170c02b",,,,,,,,,
cmi8fy816002rskghaucv4o61,,,"1MMX70",,,,,,,AVAILABLE,2025-11-21 05:50:12.463,2025-11-21 05:50:12.463,"18e3e5db-cf20-4eba-a198-98109170c02b",,,,,,,,,
cmi8fy820002tskgh1zok77a1,,,"2CCZ102",,,,,,,AVAILABLE,2025-11-21 05:50:12.552,2025-11-21 05:50:12.552,"18e3e5db-cf20-4eba-a198-98109170c02b",,,,,,,,,
cmi8fy8ua00i2skghhkmvbagf,,,"2LTT660",,,,,,,AVAILABLE,2025-11-21 05:50:13.571,2025-11-21 05:50:13.571,"18e3e5db-cf20-4eba-a198-98109170c02b",,,,,,,,,
cmi8fy8rz00goskghcb8rrma5,,,"1MMM610",,,,,,,AVAILABLE,2025-11-21 05:50:13.487,2025-11-21 05:50:13.487,"18e3e5db-cf20-4eba-a198-98109170c02b",,,,,,,,,
cmi8fy8om00f8skgh1x5ew7ud,,,"2MLS529",,,,,,,AVAILABLE,2025-11-21 05:50:13.314,2025-11-21 05:50:13.314,"18e3e5db-cf20-4eba-a198-98109170c02b",,,,,,,,,
cmi8fy8pi00feskghe908edqt,,,"2RAT569",,,,,,,AVAILABLE,2025-11-21 05:50:13.398,2025-11-21 05:50:13.398,"18e3e5db-cf20-4eba-a198-98109170c02b",,,,,,,,,
cmi8fy8pi00fnskgh7rvabd70,,,"2RAT578",,,,,,,AVAILABLE,2025-11-21 05:50:13.399,2025-11-21 05:50:13.399,"18e3e5db-cf20-4eba-a198-98109170c02b",,,,,,,,,
cmi8fy8r500gmskghbxgjulj0,,,"2UCT565",,,,,,,AVAILABLE,2025-11-21 05:50:13.400,2025-11-21 05:50:13.400,"18e3e5db-cf20-4eba-a198-98109170c02b",,,,,,,,,
cmi8fy8r500gnskghmvpsiqok,,,"2RAT586",,,,,,,AVAILABLE,2025-11-21 05:50:13.400,2025-11-21 05:50:13.400,"18e3e5db-cf20-4eba-a198-98109170c02b",,,,,,,,,
cmi8fy8o100euskghddzbqhk0,,,"2PAZ556",,,,,,,AVAILABLE,2025-11-21 05:50:13.314,2025-11-21 05:50:13.314,"18e3e5db-cf20-4eba-a198-98109170c02b",,,,,,,,,
cmi8fy8qc00g1skgh9qigdsvb,,,"2RAT579",,,,,,,AVAILABLE,2025-11-21 05:50:13.399,2025-11-21 05:50:13.399,"18e3e5db-cf20-4eba-a198-98109170c02b",,,,,,,,,
cmi8fy8nt00ehskghi6vo2lkc,,,"2RAT546",,,,,,,AVAILABLE,2025-11-21 05:50:13.314,2025-11-21 05:50:13.314,"18e3e5db-cf20-4eba-a198-98109170c02b",,,,,,,,,
cmi8fy8qc00gbskghch0fjos4,,,"2RAT580",,,,,,,AVAILABLE,2025-11-21 05:50:13.399,2025-11-21 05:50:13.399,"18e3e5db-cf20-4eba-a198-98109170c02b",,,,,,,,,
cmi8fy8n500eeskghkbtzj0r9,,,"2MLT542",,,,,,,AVAILABLE,2025-11-21 05:50:13.313,2025-11-21 05:50:13.313,"18e3e5db-cf20-4eba-a198-98109170c02b",,,,,,,,,
cmi8fy8kq00cyskght4ivxs89,,,"2MLL489",,,,,,,AVAILABLE,2025-11-21 05:50:13.227,2025-11-21 05:50:13.227,"18e3e5db-cf20-4eba-a198-98109170c02b",,,,,,,,,
cmi8fy8n400dxskgh9mglp4ke,,,"2LRP507",,,,,,,AVAILABLE,2025-11-21 05:50:13.312,2025-11-21 05:50:13.312,"18e3e5db-cf20-4eba-a198-98109170c02b",,,,,,,,,
cmi8fy8li00d9skgh9905digm,,,"2RAL498",,,,,,,AVAILABLE,2025-11-21 05:50:13.227,2025-11-21 05:50:13.227,"18e3e5db-cf20-4eba-a198-98109170c02b",,,,,,,,,
cmi8fy8ll00diskgh3qptl6u4,,,"2BRB506",,,,,,,AVAILABLE,2025-11-21 05:50:13.227,2025-11-21 05:50:13.227,"18e3e5db-cf20-4eba-a198-98109170c02b",,,,,,,,,
cmi8fy8kq00ctskgh3mocearh,,,"2YIL481",,,,,,,AVAILABLE,2025-11-21 05:50:13.226,2025-11-21 05:50:13.226,"18e3e5db-cf20-4eba-a198-98109170c02b",,,,,,,,,
cmi8fy8j500c1skghi5ti2vie,,,"3MMQ452",,,,,,,AVAILABLE,2025-11-21 05:50:13.138,2025-11-21 05:50:13.138,"18e3e5db-cf20-4eba-a198-98109170c02b",,,,,,,,,
cmi8fy8i900blskgh83mgzca1,,,"3MMX440",,,,,,,AVAILABLE,2025-11-21 05:50:13.137,2025-11-21 05:50:13.137,"18e3e5db-cf20-4eba-a198-98109170c02b",,,,,,,,,
cmi8fy8e4008zskghzl18o3zy,,,"2KCT344",,,,,,,AVAILABLE,2025-11-21 05:50:12.960,2025-11-21 05:50:12.960,"18e3e5db-cf20-4eba-a198-98109170c02b",,,,,,,,,
cmi8fy8gt00alskghlflk154y,,,"3MMX401",,,,,,,AVAILABLE,2025-11-21 05:50:13.053,2025-11-21 05:50:13.053,"18e3e5db-cf20-4eba-a198-98109170c02b",,,,,,,,,
cmi8fy8j500c5skgh9pyr5zhx,,,"3MMQ451",,,,,,,AVAILABLE,2025-11-21 05:50:13.138,2025-11-21 05:50:13.138,"18e3e5db-cf20-4eba-a198-98109170c02b",,,,,,,,,
cmi8fy8gz00avskgh1s3108m3,,,"1MMM374",,,,,,,AVAILABLE,2025-11-21 05:50:13.053,2025-11-21 05:50:13.053,"18e3e5db-cf20-4eba-a198-98109170c02b",,,,,,,,,
cmi8fy8br007qskghl9ay5zqb,,,"1MMM293",,,,,,,AVAILABLE,2025-11-21 05:50:12.875,2025-11-21 05:50:12.875,"18e3e5db-cf20-4eba-a198-98109170c02b",,,,,,,,,
cmi8fy8db008rskghxw17xlb7,,,"2RIL320",,,,,,,AVAILABLE,2025-11-21 05:50:12.960,2025-11-21 05:50:12.960,"18e3e5db-cf20-4eba-a198-98109170c02b",,,,,,,,,
cmi8fy8ci008bskgh1cnn8u5z,,,"1MMM273",,,,,,,AVAILABLE,2025-11-21 05:50:12.875,2025-11-21 05:50:12.875,"18e3e5db-cf20-4eba-a198-98109170c02b",,,,,,,,,
cmi8fy8e5009askghdfjohpy0,,,"2ZET347",,,,,,,AVAILABLE,2025-11-21 05:50:12.960,2025-11-21 05:50:12.960,"18e3e5db-cf20-4eba-a198-98109170c02b",,,,,,,,,
cmi8fy8da008cskgh4bs9vqz7,,,"1MMM305",,,,,,,AVAILABLE,2025-11-21 05:50:12.959,2025-11-21 05:50:12.959,"18e3e5db-cf20-4eba-a198-98109170c02b",,,,,,,,,
cmi8fy8fw00a2skghfpms1xkl,,,"3MMX386",,,,,,,AVAILABLE,2025-11-21 05:50:13.052,2025-11-21 05:50:13.052,"18e3e5db-cf20-4eba-a198-98109170c02b",,,,,,,,,
cmi8fy88i005zskghmg6s3uj5,,,"2EGE230",,,,,,,AVAILABLE,2025-11-21 05:50:12.787,2025-11-21 05:50:12.787,"18e3e5db-cf20-4eba-a198-98109170c02b",,,,,,,,,
cmi8fy8ay007fskghvpdhbrmm,,,"1MMM288",,,,,,,AVAILABLE,2025-11-21 05:50:12.874,2025-11-21 05:50:12.874,"18e3e5db-cf20-4eba-a198-98109170c02b",,,,,,,,,
cmi8fy86m004sskghostnqia1,,,"2TIT181",,,,,,,AVAILABLE,2025-11-21 05:50:12.694,2025-11-21 05:50:12.694,"18e3e5db-cf20-4eba-a198-98109170c02b",,,,,,,,,
cmi8fy8ax0071skghfljacavs,,,"2MLC258",,,,,,,AVAILABLE,2025-11-21 05:50:12.873,2025-11-21 05:50:12.873,"18e3e5db-cf20-4eba-a198-98109170c02b",,,,,,,,,
cmi8fy8ce0088skghfwc8rrpn,,,"1MMM304",,,,,,,AVAILABLE,2025-11-21 05:50:12.875,2025-11-21 05:50:12.875,"18e3e5db-cf20-4eba-a198-98109170c02b",,,,,,,,,
cmi8fy8ax0077skghkjeykj2o,,,"1MMM275",,,,,,,AVAILABLE,2025-11-21 05:50:12.874,2025-11-21 05:50:12.874,"18e3e5db-cf20-4eba-a198-98109170c02b",,,,,,,,,
cmi8fy8a1006tskgh5cnio7c4,,,"2PAZ253",,,,,,,AVAILABLE,2025-11-21 05:50:12.787,2025-11-21 05:50:12.787,"18e3e5db-cf20-4eba-a198-98109170c02b",,,,,,,,,
cmi8fy8ax007dskgh4eqvxs6f,,,"1MMM284",,,,,,,AVAILABLE,2025-11-21 05:50:12.874,2025-11-21 05:50:12.874,"18e3e5db-cf20-4eba-a198-98109170c02b",,,,,,,,,
cmi8fy8bv007zskghldv6xmvw,,,"1MMM272",,,,,,,AVAILABLE,2025-11-21 05:50:12.875,2025-11-21 05:50:12.875,"18e3e5db-cf20-4eba-a198-98109170c02b",,,,,,,,,
cmi8fy899006bskght7et9p0o,,,"2EST239",,,,,,,AVAILABLE,2025-11-21 05:50:12.787,2025-11-21 05:50:12.787,"18e3e5db-cf20-4eba-a198-98109170c02b",,,,,,,,,
cmi8fy87c005dskgh6x6bklh1,,,"2MLL201",,,,,,,AVAILABLE,2025-11-21 05:50:12.694,2025-11-21 05:50:12.694,"18e3e5db-cf20-4eba-a198-98109170c02b",,,,,,,,,
cmi8fy89e006oskgh64zet1es,,,"1MMX249",,,,,,,AVAILABLE,2025-11-21 05:50:12.787,2025-11-21 05:50:12.787,"18e3e5db-cf20-4eba-a198-98109170c02b",,,,,,,,,
cmi8fy86t0057skghadlts8rq,,,"2WTP191",,,,,,,AVAILABLE,2025-11-21 05:50:12.694,2025-11-21 05:50:12.694,"18e3e5db-cf20-4eba-a198-98109170c02b",,,,,,,,,
cmi8fy85x004gskghecyplkgv,,,"2RAL168",,,,,,,AVAILABLE,2025-11-21 05:50:12.693,2025-11-21 05:50:12.693,"18e3e5db-cf20-4eba-a198-98109170c02b",,,,,,,,,
cmi8fy85w0047skghm4jwsiq2,,,"2MLJ157",,,,,,,AVAILABLE,2025-11-21 05:50:12.693,2025-11-21 05:50:12.693,"18e3e5db-cf20-4eba-a198-98109170c02b",,,,,,,,,
cmi8fy822003cskghp9mof63o,,,"2EGG137",,,,,,,AVAILABLE,2025-11-21 05:50:12.553,2025-11-21 05:50:12.553,"18e3e5db-cf20-4eba-a198-98109170c02b",,,,,,,,,
cmi8fy82u003jskghw9qoa3v6,,,"2LRT147",,,,,,,AVAILABLE,2025-11-21 05:50:12.554,2025-11-21 05:50:12.554,"18e3e5db-cf20-4eba-a198-98109170c02b",,,,,,,,,
cmi8fy8210033skghc4ukovnw,,,"2EGT127",,,,,,,AVAILABLE,2025-11-21 05:50:12.553,2025-11-21 05:50:12.553,"18e3e5db-cf20-4eba-a198-98109170c02b",,,,,,,,,
cmi8fy8sq00hfskgh79din6uc,,,"2RAS629",,,,,,,AVAILABLE,2025-11-21 05:50:13.489,2025-11-21 05:50:13.489,"18e3e5db-cf20-4eba-a198-98109170c02b",,,,,,,,,
cmi8fy82y003qskghtqmfok1d,,,"2MLZ152",,,,,,,AVAILABLE,2025-11-21 05:50:12.554,2025-11-21 05:50:12.554,"18e3e5db-cf20-4eba-a198-98109170c02b",,,,,,,,,
cmi8fy83l0044skghyztqhsdk,,,"2EGT130",,,,,,,AVAILABLE,2025-11-21 05:50:12.554,2025-11-21 05:50:12.554,"18e3e5db-cf20-4eba-a198-98109170c02b",,,,,,,,,
cmi8fy8tg00i0skghe5s0p4zy,,,"2PAZ631",,,,,,,AVAILABLE,2025-11-21 05:50:13.489,2025-11-21 05:50:13.489,"18e3e5db-cf20-4eba-a198-98109170c02b",,,,,,,,,
cmi8fy8so00h9skghd3kvujce,,,"2MLG639",,,,,,,AVAILABLE,2025-11-21 05:50:13.489,2025-11-21 05:50:13.489,"18e3e5db-cf20-4eba-a198-98109170c02b",,,,,,,,,
cmi8fy8rz00gqskgh63ccd2xu,,,"1MM612",,,,,,,AVAILABLE,2025-11-21 05:50:13.487,2025-11-21 05:50:13.487,"18e3e5db-cf20-4eba-a198-98109170c02b",,,,,,,,,
cmi8fy8mc00dvskghhgs653xy,,,"2BRG472",,,,,,,AVAILABLE,2025-11-21 05:50:13.227,2025-11-21 05:50:13.227,"18e3e5db-cf20-4eba-a198-98109170c02b",,,,,,,,,
cmi8fy8ub00i8skgh7jdq0fv0,,,"2LTT669",,,,,,,AVAILABLE,2025-11-21 05:50:13.571,2025-11-21 05:50:13.571,"18e3e5db-cf20-4eba-a198-98109170c02b",,,,,,,,,
cmi8fy8n500e6skgh2w1bzyh3,,,"2RAL531",,,,,,,AVAILABLE,2025-11-21 05:50:13.313,2025-11-21 05:50:13.313,"18e3e5db-cf20-4eba-a198-98109170c02b",,,,,,,,,
cmi8fy8sq00heskghr1anz93a,,,"2NTP622",,,,,,,AVAILABLE,2025-11-21 05:50:13.489,2025-11-21 05:50:13.489,"18e3e5db-cf20-4eba-a198-98109170c02b",,,,,,,,,
cmi8fy8ua00i4skgh49hpbguc,,,"2HGT664",,,,,,,AVAILABLE,2025-11-21 05:50:13.571,2025-11-21 05:50:13.571,"18e3e5db-cf20-4eba-a198-98109170c02b",,,,,,,,,
cmi8fy8qc00g7skgho4jsgd6x,,,"2EGZ601",,,,,,,AVAILABLE,2025-11-21 05:50:13.399,2025-11-21 05:50:13.399,"18e3e5db-cf20-4eba-a198-98109170c02b",,,,,,,,,
cmi8fy8s000h5skghu2lzbq5j,,,"2MLL642",,,,,,,AVAILABLE,2025-11-21 05:50:13.488,2025-11-21 05:50:13.488,"18e3e5db-cf20-4eba-a198-98109170c02b",,,,,,,,,
cmi8fy8sv00hoskghtu6o9f5e,,,"2MLV650",,,,,,,AVAILABLE,2025-11-21 05:50:13.489,2025-11-21 05:50:13.489,"18e3e5db-cf20-4eba-a198-98109170c02b",,,,,,,,,
cmi8fy8nv00ejskghghbk6yvs,,,"2BRB535",,,,,,,AVAILABLE,2025-11-21 05:50:13.314,2025-11-21 05:50:13.314,"18e3e5db-cf20-4eba-a198-98109170c02b",,,,,,,,,
cmi8fy8r400glskgh59626565,,,"2RAT585",,,,,,,AVAILABLE,2025-11-21 05:50:13.400,2025-11-21 05:50:13.400,"18e3e5db-cf20-4eba-a198-98109170c02b",,,,,,,,,
cmi8fy8j500c7skghgklp3ocj,,,"3MMQ454",,,,,,,AVAILABLE,2025-11-21 05:50:13.138,2025-11-21 05:50:13.138,"18e3e5db-cf20-4eba-a198-98109170c02b",,,,,,,,,
cmi8fy8pi00fbskghbx53838x,,,"2SCT561",,,,,,,AVAILABLE,2025-11-21 05:50:13.398,2025-11-21 05:50:13.398,"18e3e5db-cf20-4eba-a198-98109170c02b",,,,,,,,,
cmi8fy8kp00coskghda5ewa3d,,,"3MMQ460",,,,,,,AVAILABLE,2025-11-21 05:50:13.226,2025-11-21 05:50:13.226,"18e3e5db-cf20-4eba-a198-98109170c02b",,,,,,,,,
cmi8fy8qc00fzskghcblj5dvi,,,"2MLL567",,,,,,,AVAILABLE,2025-11-21 05:50:13.399,2025-11-21 05:50:13.399,"18e3e5db-cf20-4eba-a198-98109170c02b",,,,,,,,,
cmi8fy8iy00bqskghdgtl2y2y,,,"3MMX424",,,,,,,AVAILABLE,2025-11-21 05:50:13.138,2025-11-21 05:50:13.138,"18e3e5db-cf20-4eba-a198-98109170c02b",,,,,,,,,
cmi8fy8fw00a1skghszvm6o4a,,,"2CRB383",,,,,,,AVAILABLE,2025-11-21 05:50:13.052,2025-11-21 05:50:13.052,"18e3e5db-cf20-4eba-a198-98109170c02b",,,,,,,,,
cmi8fy8vt00jdskgh69cs0z47,,,"2MLT701",,,,,,,AVAILABLE,2025-11-21 05:50:13.572,2025-11-21 05:50:13.572,"18e3e5db-cf20-4eba-a198-98109170c02b",,,,,,,,,
cmi8fy8i800b6skgh5xbxkmwf,,,"3MMX409",,,,,,,AVAILABLE,2025-11-21 05:50:13.137,2025-11-21 05:50:13.137,"18e3e5db-cf20-4eba-a198-98109170c02b",,,,,,,,,
cmi8fy8gu00atskghquffevzt,,,"1MMM378",,,,,,,AVAILABLE,2025-11-21 05:50:13.053,2025-11-21 05:50:13.053,"18e3e5db-cf20-4eba-a198-98109170c02b",,,,,,,,,
cmi8fy8fw009tskghtknio4j5,,,"1MMM360",,,,,,,AVAILABLE,2025-11-21 05:50:13.052,2025-11-21 05:50:13.052,"18e3e5db-cf20-4eba-a198-98109170c02b",,,,,,,,,
cmi8fy8e5009cskghqsf60u3j,,,"2RAZ352",,,,,,,AVAILABLE,2025-11-21 05:50:12.960,2025-11-21 05:50:12.960,"18e3e5db-cf20-4eba-a198-98109170c02b",,,,,,,,,
cmi8fy8go00afskgh4dbl3cdc,,,"3MMX397",,,,,,,AVAILABLE,2025-11-21 05:50:13.053,2025-11-21 05:50:13.053,"18e3e5db-cf20-4eba-a198-98109170c02b",,,,,,,,,
cmi8fy8i900biskght0i63b44,,,"3MMX438",,,,,,,AVAILABLE,2025-11-21 05:50:13.137,2025-11-21 05:50:13.137,"18e3e5db-cf20-4eba-a198-98109170c02b",,,,,,,,,
cmi8fy8bv007vskgh42td0851,,,"1MMM295",,,,,,,AVAILABLE,2025-11-21 05:50:12.875,2025-11-21 05:50:12.875,"18e3e5db-cf20-4eba-a198-98109170c02b",,,,,,,,,
cmi8fy8hf00b1skghqch0nwnd,,,"1MMX375",,,,,,,AVAILABLE,2025-11-21 05:50:13.053,2025-11-21 05:50:13.053,"18e3e5db-cf20-4eba-a198-98109170c02b",,,,,,,,,
cmi8fy8ez009lskghd3nxjniq,,,"2EGH338",,,,,,,AVAILABLE,2025-11-21 05:50:12.960,2025-11-21 05:50:12.960,"18e3e5db-cf20-4eba-a198-98109170c02b",,,,,,,,,
cmi8fy8db008oskghmx44nxtk,,,"2PAZ333",,,,,,,AVAILABLE,2025-11-21 05:50:12.959,2025-11-21 05:50:12.959,"18e3e5db-cf20-4eba-a198-98109170c02b",,,,,,,,,
cmi8fy8bv007wskgh64fs3vjt,,,"1MMM277",,,,,,,AVAILABLE,2025-11-21 05:50:12.875,2025-11-21 05:50:12.875,"18e3e5db-cf20-4eba-a198-98109170c02b",,,,,,,,,
cmi8fy8e50099skghyrzvmn2q,,,"2MKW324",,,,,,,AVAILABLE,2025-11-21 05:50:12.960,2025-11-21 05:50:12.960,"18e3e5db-cf20-4eba-a198-98109170c02b",,,,,,,,,
cmi8fy8ax0078skgh6gdi3mc2,,,"1MMM274",,,,,,,AVAILABLE,2025-11-21 05:50:12.874,2025-11-21 05:50:12.874,"18e3e5db-cf20-4eba-a198-98109170c02b",,,,,,,,,
cmi8fy8ay007eskghmiq4vokr,,,"1MMM287",,,,,,,AVAILABLE,2025-11-21 05:50:12.874,2025-11-21 05:50:12.874,"18e3e5db-cf20-4eba-a198-98109170c02b",,,,,,,,,
cmi8fy88j0062skghj0v5mkxs,,,"2PAZ234",,,,,,,AVAILABLE,2025-11-21 05:50:12.787,2025-11-21 05:50:12.787,"18e3e5db-cf20-4eba-a198-98109170c02b",,,,,,,,,
cmi8fy89e006hskghipvbp9ot,,,"2UEP244",,,,,,,AVAILABLE,2025-11-21 05:50:12.787,2025-11-21 05:50:12.787,"18e3e5db-cf20-4eba-a198-98109170c02b",,,,,,,,,
cmi8fy89e006mskghuqt1v83l,,,"2LRP247",,,,,,,AVAILABLE,2025-11-21 05:50:12.787,2025-11-21 05:50:12.787,"18e3e5db-cf20-4eba-a198-98109170c02b",,,,,,,,,
cmi8fy89e006kskghubvc28y4,,,"2MLJ215",,,,,,,AVAILABLE,2025-11-21 05:50:12.787,2025-11-21 05:50:12.787,"18e3e5db-cf20-4eba-a198-98109170c02b",,,,,,,,,
cmi8fy8ax0079skghpkin12sj,,,"1MMM279",,,,,,,AVAILABLE,2025-11-21 05:50:12.874,2025-11-21 05:50:12.874,"18e3e5db-cf20-4eba-a198-98109170c02b",,,,,,,,,
cmi8fy86t0056skgh3z2ds8uk,,,"2TIL183",,,,,,,AVAILABLE,2025-11-21 05:50:12.694,2025-11-21 05:50:12.694,"18e3e5db-cf20-4eba-a198-98109170c02b",,,,,,,,,
cmi8fy88i005yskghysl21wus,,,"1MMP227",,,,,,,AVAILABLE,2025-11-21 05:50:12.787,2025-11-21 05:50:12.787,"18e3e5db-cf20-4eba-a198-98109170c02b",,,,,,,,,
cmi8fy88j0061skghja8bn4qi,,,"2MLS223",,,,,,,AVAILABLE,2025-11-21 05:50:12.787,2025-11-21 05:50:12.787,"18e3e5db-cf20-4eba-a198-98109170c02b",,,,,,,,,
cmi8fy85y004kskghx63dkuom,,,"2RAL169",,,,,,,AVAILABLE,2025-11-21 05:50:12.694,2025-11-21 05:50:12.694,"18e3e5db-cf20-4eba-a198-98109170c02b",,,,,,,,,
cmi8fy80e002dskghxiyre7lo,,,"1MMX64",,,,,,,AVAILABLE,2025-11-21 05:50:12.463,2025-11-21 05:50:12.463,"18e3e5db-cf20-4eba-a198-98109170c02b",,,,,,,,,
cmi8fy88i005uskghy3zyfv8n,,,"2RAL222",,,,,,,AVAILABLE,2025-11-21 05:50:12.787,2025-11-21 05:50:12.787,"18e3e5db-cf20-4eba-a198-98109170c02b",,,,,,,,,
cmi8fy89e006lskgh5n8m4lxn,,,"2ASS245",,,,,,,AVAILABLE,2025-11-21 05:50:12.787,2025-11-21 05:50:12.787,"18e3e5db-cf20-4eba-a198-98109170c02b",,,,,,,,,
cmi8fy86t0053skghetrp0v2q,,,"2ATS195",,,,,,,AVAILABLE,2025-11-21 05:50:12.694,2025-11-21 05:50:12.694,"18e3e5db-cf20-4eba-a198-98109170c02b",,,,,,,,,
cmi8fy89e006nskghq7gh3jok,,,"1MMX248",,,,,,,AVAILABLE,2025-11-21 05:50:12.787,2025-11-21 05:50:12.787,"18e3e5db-cf20-4eba-a198-98109170c02b",,,,,,,,,
cmi8fy82y003pskgh96uscxlj,,,"2MLZ150",,,,,,,AVAILABLE,2025-11-21 05:50:12.554,2025-11-21 05:50:12.554,"18e3e5db-cf20-4eba-a198-98109170c02b",,,,,,,,,
cmi8fy88i0060skghrz8ibsz1,,,"2EGR231",,,,,,,AVAILABLE,2025-11-21 05:50:12.787,2025-11-21 05:50:12.787,"18e3e5db-cf20-4eba-a198-98109170c02b",,,,,,,,,
cmi8fy85x004jskgh0t5g4xgp,,,"2PAL162",,,,,,,AVAILABLE,2025-11-21 05:50:12.693,2025-11-21 05:50:12.693,"18e3e5db-cf20-4eba-a198-98109170c02b",,,,,,,,,
cmi8fy85y004mskghkyamrv3n,,,"2SLT170",,,,,,,AVAILABLE,2025-11-21 05:50:12.694,2025-11-21 05:50:12.694,"18e3e5db-cf20-4eba-a198-98109170c02b",,,,,,,,,
cmi8fy8210032skgh0p5gkgas,,,"2EGT126",,,,,,,AVAILABLE,2025-11-21 05:50:12.553,2025-11-21 05:50:12.553,"18e3e5db-cf20-4eba-a198-98109170c02b",,,,,,,,,
cmi8fy82y003nskghjxsvw7me,,,"2EGL139",,,,,,,AVAILABLE,2025-11-21 05:50:12.554,2025-11-21 05:50:12.554,"18e3e5db-cf20-4eba-a198-98109170c02b",,,,,,,,,
cmi8fy82x003mskghlt86urrw,,,"2MLZ151",,,,,,,AVAILABLE,2025-11-21 05:50:12.554,2025-11-21 05:50:12.554,"18e3e5db-cf20-4eba-a198-98109170c02b",,,,,,,,,
cmi8fy86t005askgh3c1zchw1,,,"2EGW198",,,,,,,AVAILABLE,2025-11-21 05:50:12.694,2025-11-21 05:50:12.694,"18e3e5db-cf20-4eba-a198-98109170c02b",,,,,,,,,
cmi8fy8210034skghmj1kwlxm,,,"2EGT128",,,,,,,AVAILABLE,2025-11-21 05:50:12.553,2025-11-21 05:50:12.553,"18e3e5db-cf20-4eba-a198-98109170c02b",,,,,,,,,
cmi8fy8v700iwskghvnj8yg28,,,"2EXZ703",,,,,,,AVAILABLE,2025-11-21 05:50:13.572,2025-11-21 05:50:13.572,"18e3e5db-cf20-4eba-a198-98109170c02b",,,,,,,,,
cmi8fy8ub00ieskgh1rjhzksy,,,"2KCT692",,,,,,,AVAILABLE,2025-11-21 05:50:13.571,2025-11-21 05:50:13.571,"18e3e5db-cf20-4eba-a198-98109170c02b",,,,,,,,,
cmi8fy8tg00hzskghuuuon53o,,,"2VET634",,,,,,,AVAILABLE,2025-11-21 05:50:13.489,2025-11-21 05:50:13.489,"18e3e5db-cf20-4eba-a198-98109170c02b",,,,,,,,,
cmi8fy8rz00gpskgh77lhv90u,,,"1MM611",,,,,,,AVAILABLE,2025-11-21 05:50:13.487,2025-11-21 05:50:13.487,"18e3e5db-cf20-4eba-a198-98109170c02b",,,,,,,,,
cmi8fy8v200irskgh7z0b5dy4,,,"2HGT699",,,,,,,AVAILABLE,2025-11-21 05:50:13.572,2025-11-21 05:50:13.572,"18e3e5db-cf20-4eba-a198-98109170c02b",,,,,,,,,
cmkpdkskn0000kw02f80iijyg,,LOADER,"2HGL768",SDLG-L956H,SDLG-L956H,,,VLGL956HVS0621364,cmid6zfak0002lb02iytpltpq,AVAILABLE,2026-01-22 11:35:16.392,2026-01-22 11:35:16.392,"18e3e5db-cf20-4eba-a198-98109170c02b",,,,,,AMATOLA,,,
cmkpdeu1v0000la02cjti6xww,,LOADER,"2HGL766",SDLG-L953H,SDLG-L953H,,,VLGL953HAS0620530,cmid6zfak0002lb02iytpltpq,AVAILABLE,2026-01-22 11:30:38.371,2026-01-22 11:30:38.371,"18e3e5db-cf20-4eba-a198-98109170c02b",,,,,,AMATOLA,,,
cmi8fy8v700j0skghlj7d55o0,,,"1MMM705",,,,,,,AVAILABLE,2025-11-21 05:50:13.572,2025-11-21 05:50:13.572,"18e3e5db-cf20-4eba-a198-98109170c02b",,,,,,,,,
cmi8fy8ub00iiskgh7v82xbxn,,,"2APT679",,,,,,,AVAILABLE,2025-11-21 05:50:13.572,2025-11-21 05:50:13.572,"18e3e5db-cf20-4eba-a198-98109170c02b",,,,,,,,,
cmi8fy86t0054skghqfwn9s0r,,,"2VET185",,,,,,,AVAILABLE,2025-11-21 05:50:12.694,2025-11-21 05:50:12.694,"18e3e5db-cf20-4eba-a198-98109170c02b",,,,,,,,,
cmi8fy82y003tskghc9jct71p,,,"2ESZ121",,,,,,,AVAILABLE,2025-11-21 05:50:12.554,2025-11-21 05:50:12.554,"18e3e5db-cf20-4eba-a198-98109170c02b",,,,,,,,,
cmi8fy821003bskghqqixzmkv,,,"2EGL140",,,,,,,AVAILABLE,2025-11-21 05:50:12.553,2025-11-21 05:50:12.553,"18e3e5db-cf20-4eba-a198-98109170c02b",,,,,,,,,
cmi8fy80e002cskgh839qkjsj,,,"2CCS98",,,,,,,AVAILABLE,2025-11-21 05:50:12.463,2025-11-21 05:50:12.463,"18e3e5db-cf20-4eba-a198-98109170c02b",,,,,,,,,
cmi8fy80e0026skghntoegjje,,,"1MMP92",,,,,,,AVAILABLE,2025-11-21 05:50:12.462,2025-11-21 05:50:12.462,"18e3e5db-cf20-4eba-a198-98109170c02b",,,,,,,,,
cmi8fy8v700j2skghzvp7pyqd,,,"2UGT695",,,,,,,AVAILABLE,2025-11-21 05:50:13.572,2025-11-21 05:50:13.572,"18e3e5db-cf20-4eba-a198-98109170c02b",,,,,,,,,
cmi8fy8v700j1skgh9duwjykg,,,"2CNT689",,,,,,,AVAILABLE,2025-11-21 05:50:13.572,2025-11-21 05:50:13.572,"18e3e5db-cf20-4eba-a198-98109170c02b",,,,,,,,,
cmi8fy8ub00ifskghcug9y2gc,,,"2KCT691",,,,,,,AVAILABLE,2025-11-21 05:50:13.571,2025-11-21 05:50:13.571,"18e3e5db-cf20-4eba-a198-98109170c02b",,,,,,,,,
cmi8fy8sv00hrskghtz7abj3y,,,"2RRP640",,,,,,,AVAILABLE,2025-11-21 05:50:13.489,2025-11-21 05:50:13.489,"18e3e5db-cf20-4eba-a198-98109170c02b",,,,,,,,,
cmi8fy8sv00hlskghrmaydfeu,,,"2SRP630",,,,,,,AVAILABLE,2025-11-21 05:50:13.489,2025-11-21 05:50:13.489,"18e3e5db-cf20-4eba-a198-98109170c02b",,,,,,,,,
cmi8fy8s000h3skghvm7n22q4,,,"2SCB641",,,,,,,AVAILABLE,2025-11-21 05:50:13.488,2025-11-21 05:50:13.488,"18e3e5db-cf20-4eba-a198-98109170c02b",,,,,,,,,
cmi8fy8s000h2skghej1rnw9t,,,"2MLS638",,,,,,,AVAILABLE,2025-11-21 05:50:13.488,2025-11-21 05:50:13.488,"18e3e5db-cf20-4eba-a198-98109170c02b",,,,,,,,,
cmi8fy8qc00g5skghj4edv2e6,,,"2RAZ573",,,,,,,AVAILABLE,2025-11-21 05:50:13.399,2025-11-21 05:50:13.399,"18e3e5db-cf20-4eba-a198-98109170c02b",,,,,,,,,
cmi8fy8qc00g2skgha39wcupz,,,"2PAZ575",,,,,,,AVAILABLE,2025-11-21 05:50:13.399,2025-11-21 05:50:13.399,"18e3e5db-cf20-4eba-a198-98109170c02b",,,,,,,,,
cmi8fy8pi00fkskghfrcd6yuv,,,"2RAT587",,,,,,,AVAILABLE,2025-11-21 05:50:13.398,2025-11-21 05:50:13.398,"18e3e5db-cf20-4eba-a198-98109170c02b",,,,,,,,,
cmi8fy8pi00fjskghui25x097,,,"2RR583",,,,,,,AVAILABLE,2025-11-21 05:50:13.398,2025-11-21 05:50:13.398,"18e3e5db-cf20-4eba-a198-98109170c02b",,,,,,,,,
cmi8fy8o200exskghmku9og6j,,,"2RAL532",,,,,,,AVAILABLE,2025-11-21 05:50:13.314,2025-11-21 05:50:13.314,"18e3e5db-cf20-4eba-a198-98109170c02b",,,,,,,,,
cmn34jad42yubk42ag6zfax4y,,TIPPER,"2WTT833",Volvo,,,AFQ3907,,cmj9vreu40000l702qz7al4up,AVAILABLE,2026-03-23 11:50:20.728,2026-03-23 11:50:20.728,,,20.0,LITRES_PER_KM,2.2,,WALDEN,,,
cmmxotwj408cmk42abpcugcic,,TIPPER,"2HGT835",,,2026,AGZ6652,,cmid6zfak0002lb02iytpltpq,AVAILABLE,2026-03-19 16:31:51.280,2026-03-19 16:31:51.280,,,,,,,,,,
cmkuzowbn000fky02ow8do07e,,LOADER,"2UFL769",,XG955H,,,CXG00955KK0H00180,cmkuzl6sd0007ky022zj066ac,AVAILABLE,2026-01-26 09:53:10.308,2026-01-26 09:53:10.308,"18e3e5db-cf20-4eba-a198-98109170c02b",,,,,,AMATOLA,,,
cmkuzm5gv000aky02hf4nkv8v,,EXCAVATOR,"2UFZ740",,,,,KCMOLL13JJ0007087,cmkuzl6sd0007ky022zj066ac,AVAILABLE,2026-01-26 09:51:02.192,2026-01-26 09:51:02.192,"18e3e5db-cf20-4eba-a198-98109170c02b",,,,,,AMATOLA,,,
cmkqkes7s0003la02tbr5bwac,,TIPPER,"2DCT771",,,,,,cmkqkcpct0000la024cw9q5af,AVAILABLE,2026-01-23 07:34:19.481,2026-01-23 07:34:19.481,"18e3e5db-cf20-4eba-a198-98109170c02b",,,,,,AMATOLA,,,
cmi8fy7tn0008skghk7he2tz8,,LOADER,"1MML5",Wulf Renoster,Front End Loader,,,"221,235,175",cmid6xprj000ijv02hs56t9r5,AVAILABLE,2025-11-21 05:50:12.040,2026-01-22 13:17:03.360,"18e3e5db-cf20-4eba-a198-98109170c02b",,,,,,AMATOLA,,,
cmi8fy8n500e9skghf1huo19i,,,"2MLJ509",,,,,,,AVAILABLE,2025-11-21 05:50:13.312,2025-11-21 05:50:13.312,"18e3e5db-cf20-4eba-a198-98109170c02b",,,,,,,,,
cmi8fy8ll00dmskghdo0k99wo,,,"2MST482",,,,,,,AVAILABLE,2025-11-21 05:50:13.227,2025-11-21 05:50:13.227,"18e3e5db-cf20-4eba-a198-98109170c02b",,,,,,,,,
cmi8fy8lj00ddskghi15ot41l,,,"2PAL501",,,,,,,AVAILABLE,2025-11-21 05:50:13.227,2025-11-21 05:50:13.227,"18e3e5db-cf20-4eba-a198-98109170c02b",,,,,,,,,
cmi8fy8ju00ccskgh80q3b82z,,,"3MMX418",,,,,,,AVAILABLE,2025-11-21 05:50:13.138,2025-11-21 05:50:13.138,"18e3e5db-cf20-4eba-a198-98109170c02b",,,,,,,,,
cmojx2x6zb3bpnzbg1j5aoq8h,,MILL,"3TPH1",,,,,,cmid6xprj000ijv02hs56t9r5,AVAILABLE,2026-04-29 10:33:27.179,2026-06-09 14:02:03.733,,,,,,,WALDEN,cmojx02zlb39xnzbglsngxsmb,2026-06-09 13:51:54.684,
cmoju5w7dal8anzbgvd5v5zwy,,MILL,N1,,,,,,cmid6xprj000ijv02hs56t9r5,AVAILABLE,2026-04-29 09:11:47.017,2026-06-11 10:53:29.611,,,,,,,WALDEN,cmoju53inal64nzbgv42cmnne,2026-06-11 10:52:23.075,
cmp5a1qhh2zeop8cadkr2753f,,MILL,M10,,,,,,,AVAILABLE,2026-05-14 09:19:36.533,2026-06-11 11:02:42.970,,,,,,,WALDEN,cmojv1rasasdanzbg2ico1g4s,2026-06-11 11:01:16.672,
cmp5a8chu330fp8cacrsa02hx,,MILL,M14,,,,,,,AVAILABLE,2026-05-14 09:24:44.994,2026-06-11 12:00:13.714,,,,,,,WALDEN,cmojv1rasasdanzbg2ico1g4s,2026-06-11 11:59:43.174,
cmp6ygwnn4e6zpabfpben0e7g,,TIPPER,"2HGT892",,,,AFQ8350,,cmid6zfak0002lb02iytpltpq,AVAILABLE,2026-05-15 13:31:01.331,2026-05-15 13:31:01.331,,,,,,,,,,
cmp6ydwfk4e1vpabf6cmlwcuj,,TIPPER,"2HGT893",,,,AGZ6535,,cmid6zfak0002lb02iytpltpq,AVAILABLE,2026-05-15 13:28:41.072,2026-05-15 13:28:41.072,,,,,,,,,,
cmp5c6r0d39i9p8cax0twwcrp,,CRUSHER,CR3,,,,,,,AVAILABLE,2026-05-14 10:19:29.725,2026-06-09 13:49:04.704,,,,,,,WALDEN,cmoju53inal64nzbgv42cmnne,2026-06-09 13:44:19.118,
cmp5a6uyd32zvp8caphv1f9s8,,MILL,M11,,,,,,,AVAILABLE,2026-05-14 09:23:35.606,2026-05-15 11:39:47.797,,,,,,,WALDEN,cmojv1rasasdanzbg2ico1g4s,2026-05-15 11:39:47.795,
cmp6ndh4c389wskay68yf2qq6,,TIPPER,"2TMT889",SCANIA,,,AHA4412,YS2P6X40001254519,cmj9v9x6n0007l902ludhewwi,AVAILABLE,2026-05-15 08:20:25.453,2026-05-15 08:20:25.453,,,20.0,,2.2,,WALDEN,,,
cmpnx7heo24mio1dm6z9doql1,,MILL,A1,,,,,,,AVAILABLE,2026-05-27 10:27:47.040,2026-05-27 10:30:06.731,,,,,,,,cmojv1rasasdanzbg2ico1g4s,2026-05-27 10:29:22.536,
cmp5a3dvd30kup8calvoe42ur,,MILL,M9,,,,,,,AVAILABLE,2026-05-14 09:20:53.497,2026-05-14 09:20:53.497,,,,,,,WALDEN,cmojv1rasasdanzbg2ico1g4s,,
cmp59bpkp2rr9p8ca7jvtkmx0,,MILL,N4,,,,,,,AVAILABLE,2026-05-14 08:59:22.297,2026-05-14 09:09:47.378,,,,,,,WALDEN,cmoju53inal64nzbgv42cmnne,,
cmp45evop1tc3p8casmsnqmhv,,TIPPER,"2TMT866",IVECO,,,AHA3999,WJMJ3JPS70C312372,cmj9v9x6n0007l902ludhewwi,AVAILABLE,2026-05-13 14:22:05.545,2026-05-13 14:22:05.545,,,,,2.2,,WALDEN,,,
cmoe0r9gx4k2znzbglr79wrjp,,TIPPER,"2LTT880",,,,AGL9284,,cmoe0p64i4jzmnzbgdo5qcrce,AVAILABLE,2026-04-25 07:29:44.625,2026-04-25 07:29:44.625,,,,,,,,,,
cmobdpy4t1hkznzbg9g9k44uu,,TIPPER,"2TMT866",,,,AHA3999,,cmj9v9x6n0007l902ludhewwi,AVAILABLE,2026-04-23 11:09:19.757,2026-04-23 11:09:19.757,,,,,,,,,,
cmn0fd8yu1j1kk42ab73fa1wf,,TIPPER,"2HGT856",,,,AGZ8655,,cmid6zfak0002lb02iytpltpq,AVAILABLE,2026-03-21 14:30:16.230,2026-04-22 10:33:02.704,,,,,,,,,,
cmo7745m13zulp2aj5z17xkda,,TIPPER,"2HGT865",,,,AGZ6507,,cmid6zfak0002lb02iytpltpq,AVAILABLE,2026-04-20 12:53:20.617,2026-04-20 12:53:20.617,,,,,,,,,,
cmp59yx282zdbp8camu74gbac,,MILL,M5,,,,,,,AVAILABLE,2026-05-14 09:17:25.089,2026-06-08 15:11:55.738,,,,,,,WALDEN,cmojv1rasasdanzbg2ico1g4s,2026-06-08 15:07:54.508,
cmp5c3qyh389wp8cahfe3r29e,,MILL,"5TPH2",,,,,,,AVAILABLE,2026-05-14 10:17:09.689,2026-06-09 14:00:40.968,,,,,,,WALDEN,cmojx02zlb39xnzbglsngxsmb,2026-06-09 13:52:32.505,
cmp5c46n038anp8care6h1nsj,,MILL,"5TPH3",,,,,,,AVAILABLE,2026-05-14 10:17:30.012,2026-06-09 14:01:37.523,,,,,,,WALDEN,cmojx02zlb39xnzbglsngxsmb,2026-06-09 13:52:43.746,
cmpmoddhmbz77pabf7031086t,,TRACTOR,"2CCS904",,,2025,,E2HDL1599228S3,cmpmoc962bz4ipabfb7zp6izf,AVAILABLE,2026-05-26 13:32:39.178,2026-05-26 13:32:39.178,,,,LITRES_PER_HOUR,,,WALDEN,,,
cmp5bvfps37y0p8caup28519x,,MILL,M19,,,,,,,AVAILABLE,2026-05-14 10:10:41.872,2026-06-11 11:23:17.763,,,,,,,WALDEN,cmojv1rasasdanzbg2ico1g4s,2026-06-11 11:14:31.900,
cmpinv2grm5xspabfgjs997ye,,TIPPER,"2HGT869",,,,AGZ6508,,cmid6zfak0002lb02iytpltpq,AVAILABLE,2026-05-23 18:07:20.379,2026-05-23 18:07:20.379,,,,,,,,,,
cmpinu1wmm5xkpabf3aspox98,,TIPPER,"2HGT895",,,,AGJ1977,,cmid6zfak0002lb02iytpltpq,AVAILABLE,2026-05-23 18:06:32.998,2026-05-23 18:06:32.998,,,,,,,,,,
cmpinsjpvm5xcpabf7g4vlrav,,TIPPER,"2HGT894",,,,AFQ8355,,cmid6zfak0002lb02iytpltpq,AVAILABLE,2026-05-23 18:05:22.771,2026-05-23 18:05:22.771,,,,,,,,,,
cmojwtbrlawignzbg15elgpoy,,MILL,N2,,,,,,cmid6xprj000ijv02hs56t9r5,AVAILABLE,2026-04-29 10:25:59.505,2026-06-11 10:54:40.178,,,,,,,WALDEN,cmoju53inal64nzbgv42cmnne,2026-06-11 10:54:01.335,
cmp5a7xf93309p8caohx4iu3s,,MILL,M13,,,,,,,AVAILABLE,2026-05-14 09:24:25.462,2026-06-08 15:05:41.948,,,,,,,WALDEN,cmojv1rasasdanzbg2ico1g4s,2026-06-08 15:04:45.305,
cmp59c8xx2rs2p8cabmm013zq,,MILL,N5,,,,,,,AVAILABLE,2026-05-14 08:59:47.397,2026-06-07 06:58:50.139,,,,,,,WALDEN,cmoju53inal64nzbgv42cmnne,2026-06-07 06:57:58.500,
cmpgrs8x3ki06pabf3ky1cxv3,,TIPPER,"1MMT899",,,,AHE2201,,cmid6xprj000ijv02hs56t9r5,AVAILABLE,2026-05-22 10:21:34.888,2026-05-22 10:21:34.888,,,,,,,,,,
cmq4se0s05llko4ajz7kr19pn,,TIPPER,"2SHT905",Volvo,,,AGL9344,YV2JN50G46A61081,cmq4sbp5q5lleo4ajiynthfco,AVAILABLE,2026-06-08 05:44:58.992,2026-06-08 05:44:58.992,,,20.0,LITRES_PER_KM,2.2,,WALDEN,,,
cmp5bt1wh36q6p8carwn8xmds,,MILL,M16,,,,,,,AVAILABLE,2026-05-14 10:08:50.657,2026-06-11 11:28:54.387,,,,,,,WALDEN,cmojv1rasasdanzbg2ico1g4s,2026-06-11 10:57:22.998,
cmo6wjq9s3ogip2ajtu16h549,,TIPPER,"2HGT864",,,,AGL7327,,cmid6zfak0002lb02iytpltpq,AVAILABLE,2026-04-20 07:57:31.456,2026-04-20 10:04:21.166,,,,,,,,,,
cmp5c1ohu388pp8cay785p0pk,,MILL,"3TPH2",,,,,,,AVAILABLE,2026-05-14 10:15:33.187,2026-06-09 13:56:01.224,,,,,,,WALDEN,cmojx02zlb39xnzbglsngxsmb,2026-06-09 13:52:05.867,
cmp5bugnz37x8p8cazs2dcthj,,MILL,M17,,,,,,,AVAILABLE,2026-05-14 10:09:56.447,2026-06-08 15:14:40.023,,,,,,,WALDEN,cmojv1rasasdanzbg2ico1g4s,2026-06-08 15:14:01.781,
cmp59tixm2y4wp8cacnk55yzz,,MILL,M2,,,,,,,AVAILABLE,2026-05-14 09:13:13.492,2026-05-31 11:30:48.798,,,,,,,WALDEN,cmojv1rasasdanzbg2ico1g4s,2026-05-31 11:07:23.086,
cmp59uz7z2y5rp8ca26e31ymj,,MILL,M3,,,,,,,AVAILABLE,2026-05-14 09:14:21.256,2026-06-11 11:10:53.785,,,,,,,WALDEN,cmojv1rasasdanzbg2ico1g4s,2026-06-11 11:10:27.812,
cmp5a0hjm2zecp8ca485pnhnk,,MILL,M7,,,,,,,AVAILABLE,2026-05-14 09:18:38.290,2026-06-11 11:06:12.720,,,,,,,WALDEN,cmojv1rasasdanzbg2ico1g4s,2026-06-11 11:05:08.044,
cmp5buvpa37xip8ca4b66bjx3,,MILL,M18,,,,,,,AVAILABLE,2026-05-14 10:10:15.934,2026-06-02 06:06:58.582,,,,,,,WALDEN,cmojv1rasasdanzbg2ico1g4s,2026-06-02 06:06:33.214,
cmp59d1wo2rskp8cac3dqerj5,,MILL,N6,,,,,,,AVAILABLE,2026-05-14 09:00:24.936,2026-06-11 10:44:44.169,,,,,,,WALDEN,cmoju53inal64nzbgv42cmnne,2026-06-11 10:43:49.049,
cmp5c32m9389qp8catwqj6lrl,,MILL,"5TPH1",,,,,,,AVAILABLE,2026-05-14 10:16:38.145,2026-06-09 14:02:32.092,,,,,,,WALDEN,cmojx02zlb39xnzbglsngxsmb,2026-06-09 13:52:24.219,
cmp59eptn2rump8cax3syxz8e,,MILL,N7,,,,,,,AVAILABLE,2026-05-14 09:01:42.582,2026-06-11 10:48:05.679,,,,,,,WALDEN,cmoju53inal64nzbgv42cmnne,2026-06-11 10:47:28.379,
cmpqlh2qk7cj7pbey3awthiwy,,CRUSHER,Crusher 1,,,,,,,AVAILABLE,2026-05-29 07:22:37.724,2026-05-29 07:22:37.724,,,,,,,,cmoju53inal64nzbgv42cmnne,,
cmp5990iu2pcsp8calnwsqwoq,,MILL,N3,,,,,,,AVAILABLE,2026-05-14 08:57:16.518,2026-06-11 10:46:54.664,,,,,,,WALDEN,cmoju53inal64nzbgv42cmnne,2026-06-11 10:46:22.622,
cmp5c63d939hvp8cad2e8aymv,,CRUSHER,CR2,,,,,,,AVAILABLE,2026-05-14 10:18:59.085,2026-06-07 07:31:48.770,,,,,,,WALDEN,cmoju53inal64nzbgv42cmnne,2026-06-07 07:30:11.999,
cmp5a16zv2zeip8car3cahes2,,MILL,M8,,,,,,,AVAILABLE,2026-05-14 09:19:11.275,2026-05-29 07:24:38.417,,,,,,,WALDEN,cmojv1rasasdanzbg2ico1g4s,2026-05-29 07:24:03.716,
cmp59wkhu2y75p8cas11hl2or,,MILL,M4,,,,,,,AVAILABLE,2026-05-14 09:15:35.490,2026-06-06 06:23:38.684,,,,,,,WALDEN,cmojv1rasasdanzbg2ico1g4s,2026-06-06 05:58:19.342,
cmq0oa5370pojo4aycd57dzgb,,TIPPER,"2HGT914",HOWO,,2026,AGZ9392,LZZ5EXSC9TA419778,cmid6zfak0002lb02iytpltpq,AVAILABLE,2026-06-05 08:38:54.787,2026-06-05 08:38:54.787,,,30.0,LITRES_PER_KM,2.2,,WALDEN,,,
cmoju7tpsamtdnzbgjri7k9nv,,CRUSHER,CR1,,,,,,cmid6xprj000ijv02hs56t9r5,AVAILABLE,2026-04-29 09:13:17.104,2026-06-07 07:30:02.340,,,,,,,WALDEN,cmoju53inal64nzbgv42cmnne,2026-06-07 07:30:02.337,
cmp5bsltz36jyp8cabl43lr2p,,MILL,M15,,,,,,,AVAILABLE,2026-05-14 10:08:29.831,2026-06-03 05:44:40.574,,,,,,,WALDEN,cmojv1rasasdanzbg2ico1g4s,2026-06-03 05:33:10.322,
cmp59zsy42ze2p8caesaxnutx,,MILL,M6,,,,,,,AVAILABLE,2026-05-14 09:18:06.412,2026-06-08 15:36:14.407,,,,,,,WALDEN,cmojv1rasasdanzbg2ico1g4s,2026-06-08 15:09:22.155,
cmp5a7fpv3303p8cark4s9qtx,,MILL,M12,,,,,,,AVAILABLE,2026-05-14 09:24:02.515,2026-06-11 11:21:55.886,,,,,,,WALDEN,cmojv1rasasdanzbg2ico1g4s,2026-06-11 11:07:20.390,
cmq0oc5ay0ppwo4ayjystc3w5,,TIPPER,"2HGT913",HOWO,,2026,AGZ9391,LZZ5EXSC9TA419777,cmid6zfak0002lb02iytpltpq,AVAILABLE,2026-06-05 08:40:28.378,2026-06-05 08:40:28.378,,,30.0,LITRES_PER_KM,2.2,,WALDEN,,,
cmp59h7f02rw5p8cava0stkfv,,MILL,M1,,,,,,,AVAILABLE,2026-05-14 09:03:38.700,2026-06-11 11:57:36.303,,,,,,,WALDEN,cmojv1rasasdanzbg2ico1g4s,2026-06-11 11:03:16.353,
cmp5bvwot37y6p8cabumtwd9v,,MILL,M20,,,,,,,AVAILABLE,2026-05-14 10:11:03.869,2026-06-11 11:18:02.529,,,,,,,WALDEN,cmojv1rasasdanzbg2ico1g4s,2026-06-11 10:59:50.690,
cmp5c2c08389gp8ca4denyzjx,,MILL,"3TPH3",,,,,,,AVAILABLE,2026-05-14 10:16:03.657,2026-06-09 14:00:25.564,,,,,,,WALDEN,cmojx02zlb39xnzbglsngxsmb,2026-06-09 13:52:14.708,
cmq4shivs5llso4aja5ehq5l4,,TIPPER,"2SHT906",Volvo,,,AGZ5592,YV2J4CJD13A555328,cmq4sbp5q5lleo4ajiynthfco,AVAILABLE,2026-06-08 05:47:42.424,2026-06-08 05:47:42.424,,,20.0,LITRES_PER_KM,2.2,,WALDEN,,,
cmpinwwilm5y0pabf3r05lpew,,TIPPER,"2HGT897",,,,AFQ8351,,cmid6zfak0002lb02iytpltpq,AVAILABLE,2026-05-23 18:08:45.981,2026-06-08 12:03:50.519,,,30.0,LITRES_PER_KM,2.2,Amaveni,OTHER,,,
cmi8fy820002uskghuupplh8j,,TIPPER,"2EST109",,,,AGJ0615,,,AVAILABLE,2025-11-21 05:50:12.552,2026-06-08 11:55:07.625,"18e3e5db-cf20-4eba-a198-98109170c02b",,,,,,,,,
cmi8fy820002wskgh90a0qr5l,,TIPPER,"2EST110",HOWO,,2020,AJG0498,LZZ5EXNCXLN683786,cmid6yjrc000jjv0288g2ibzo,AVAILABLE,2025-11-21 05:50:12.552,2026-06-08 11:56:55.649,"18e3e5db-cf20-4eba-a198-98109170c02b",,30.0,LITRES_PER_KM,,,WALDEN,,,
cmi8fy820002vskghmqo1h5nl,,TIPPER,"2EST111",HOWO,,2021,AGJ0612,LZZ5EEXNB3MN941784,cmid6yjrc000jjv0288g2ibzo,AVAILABLE,2025-11-21 05:50:12.552,2026-06-08 11:59:06.908,"18e3e5db-cf20-4eba-a198-98109170c02b",,30.0,LITRES_PER_KM,2.2,,WALDEN,,,
cmq0ofxg60q5lo4aybiaxdnai,,TIPPER,"2HGT912",HOWO,,2026,AGZ9390,LZZ5EXSC9TA419776,cmid6zfak0002lb02iytpltpq,AVAILABLE,2026-06-05 08:43:24.822,2026-06-08 12:01:06.557,,,30.0,LITRES_PER_KM,2.2,,WALDEN,,,
cmi8fy8sv00hkskghdcmuw8gb,,FUEL_TANKER,"2ESK655",,,,AGL7313,WMAH18ZZ7W061869,,AVAILABLE,2025-11-21 05:50:13.489,2026-06-08 12:32:12.365,"18e3e5db-cf20-4eba-a198-98109170c02b",,,,,,,,,
cmi8fy8210038skgh9arfaybs,,TIPPER,"2EST112",,,,,,,AVAILABLE,2025-11-21 05:50:12.553,2026-06-08 12:01:48.353,"18e3e5db-cf20-4eba-a198-98109170c02b",,,,,,,,,
cmi8fy8ub00i9skghqm1f3s7e,,LOADER,"2ESL674",SANY,,,,SW956K3CF2528,cmid6yjrc000jjv0288g2ibzo,AVAILABLE,2025-11-21 05:50:13.571,2026-06-08 12:34:24.944,"18e3e5db-cf20-4eba-a198-98109170c02b",,5.0,LITRES_PER_HOUR,,,WALDEN,,,
cmi8fy821003askgh8uzct2hu,,TIPPER,"2EST120",HOWO,,2020,AGJ0493,LZZ5EEXNC8LN683785,cmid6yjrc000jjv0288g2ibzo,AVAILABLE,2025-11-21 05:50:12.553,2026-06-08 12:03:44.386,"18e3e5db-cf20-4eba-a198-98109170c02b",,30.0,LITRES_PER_KM,,,WALDEN,,,
cmi8fy8fw009wskghj2m1guvw,,EXCAVATOR,"2ESZ367",XCMG,,2021,,XUGA2251CMKA00589,,AVAILABLE,2025-11-21 05:50:13.052,2026-06-08 12:10:29.749,"18e3e5db-cf20-4eba-a198-98109170c02b",,22.0,LITRES_PER_HOUR,,,,,,
cmi8fy8v200iuskghg8chjo0p,,LOADER,"2ESL704",XCMG,,,,XUG0050GADCB08996,cmid6yjrc000jjv0288g2ibzo,AVAILABLE,2025-11-21 05:50:13.572,2026-06-08 12:35:32.198,"18e3e5db-cf20-4eba-a198-98109170c02b",,5.0,LITRES_PER_HOUR,,,WALDEN,,,
cmi8fy8gu00asskghgb07k6fv,,TLB,"2ESJ368",LIUGONG,,,,CLG777AZCRC506338,,AVAILABLE,2025-11-21 05:50:13.053,2026-06-08 12:12:21.157,"18e3e5db-cf20-4eba-a198-98109170c02b",,3.0,LITRES_PER_HOUR,,,,,,
cmi8fy8o100evskghde1jpwe8,,TIPPER,"2EST557",DAF,,,AGZ4049,XLRAD85MC0E966848,cmid6yjrc000jjv0288g2ibzo,AVAILABLE,2025-11-21 05:50:13.314,2026-06-08 12:13:40.185,"18e3e5db-cf20-4eba-a198-98109170c02b",,20.0,LITRES_PER_KM,2.2,,WALDEN,,,
cmi8fy8o200eyskgh1jlb09h2,,TIPPER,"2EST558",DAF,,,AGZ4050,XLRAD85MC0E945713,cmid6yjrc000jjv0288g2ibzo,AVAILABLE,2025-11-21 05:50:13.314,2026-06-08 12:14:45.578,"18e3e5db-cf20-4eba-a198-98109170c02b",,19.0,LITRES_PER_KM,3.0,,WALDEN,,,
cmi8fy8pj00fsskghp3ns1rdz,,LOADER,"2ESL562",XCMG,,,,XUG0050GADC808984,cmid6yjrc000jjv0288g2ibzo,AVAILABLE,2025-11-21 05:50:13.399,2026-06-08 12:15:59.493,"18e3e5db-cf20-4eba-a198-98109170c02b",,5.0,LITRES_PER_HOUR,,,WALDEN,,,
cmjbjapjg0002ju02jg1ofxua,,TIPPER,"2EST743",HOWO,,,AGL8435,LZZ5ELSD2SN098477,cmid6yjrc000jjv0288g2ibzo,AVAILABLE,2025-12-18 14:26:54.797,2026-06-08 12:37:32.472,"18e3e5db-cf20-4eba-a198-98109170c02b",,30.0,LITRES_PER_KM,,,WALDEN,,,
cmi8fy8pi00flskghw4yjxuow,,TIPPER,"2EST590",HOWO,,,AGL4078,LZZPDXVCXPJ297460,cmid6yjrc000jjv0288g2ibzo,AVAILABLE,2025-11-21 05:50:13.398,2026-06-08 12:17:07.983,"18e3e5db-cf20-4eba-a198-98109170c02b",,30.0,LITRES_PER_KM,,,WALDEN,,,
cmi8fy8pi00fmskghtq5qotcc,,TIPPER,"2EST591",HOWO,,,AGL4076,LZZPDXVC4PJ296756,cmid6yjrc000jjv0288g2ibzo,AVAILABLE,2025-11-21 05:50:13.398,2026-06-08 12:18:09.299,"18e3e5db-cf20-4eba-a198-98109170c02b",,30.0,LITRES_PER_KM,2.2,,WALDEN,,,
cmi8fy8te00hwskghz5mb8rwh,,TIPPER,"2EST645",DAF,,,AGZ5340,XLRAD85MCOE970950,cmid6yjrc000jjv0288g2ibzo,AVAILABLE,2025-11-21 05:50:13.489,2026-06-08 12:19:45.572,"18e3e5db-cf20-4eba-a198-98109170c02b",,20.0,LITRES_PER_HOUR,2.2,,WALDEN,,,
"98c61196-16f8-4aef-94bc-eecfc40b8cb0",,GRADER,"2ESG790",CAT 140 H,,,,"10Z46868FCD03034",cmid6yjrc000jjv0288g2ibzo,AVAILABLE,2026-03-18 09:38:21.890,2026-06-08 12:39:27.664,"18e3e5db-cf20-4eba-a198-98109170c02b",,,LITRES_PER_HOUR,,,WALDEN,,,
cmq99yptf0laop2cp7tabnaaq,,TIPPER,"2HGT918",HOWO,,,AFQ5751,,cmid6zfak0002lb02iytpltpq,AVAILABLE,2026-06-11 09:08:02.739,2026-06-11 09:08:40.992,,,30.0,LITRES_PER_KM,2.2,,WALDEN,,,
cmqaoz4ht26r1p2cpoxckxvpd,,TIPPER,"2HGT919",HOWO,,2023,AGJ1896,LZZFELSD4PA110515,cmid6zfak0002lb02iytpltpq,AVAILABLE,2026-06-12 08:56:02.178,2026-06-12 08:56:02.178,,"371Hp",30.0,LITRES_PER_KM,2.2,,WALDEN,,,
